index,betweenness,closeness,degree,retweets,scaled_degree,listed_count,score
1037ChuckFM,0.0,0.0,2,0.0,0.0020408163265306124,13.0,-0.23458475900113074
1127AM_,0.0,0.0010214504596527069,1,0.0,0.0010204081632653062,0.0,-0.043543973217882545
11Yumitsu11,0.0,0.0010214504596527069,1,0.0,0.0010204081632653062,0.0,-0.043543973217882545
13OYSL,0.0,0.0,2,0.0,0.0020408163265306124,15.0,-0.23449106890717014
14sakura214,0.0,0.0010214504596527069,1,0.0,0.0010204081632653062,10.0,-0.04307552274807963
17mamabts4,0.0,0.0020429009193054137,2,0.0,0.0020408163265306124,0.0,0.3005006825790948
18dMedia,0.0,0.0,2,0.0,0.0020408163265306124,39.0,-0.23336678777964315
1StevieKilner,0.0,0.0010214504596527069,1,0.0,0.0010204081632653062,68.0,-0.0403585100232227
1_newsnet,0.0,0.0,2,0.0,0.0020408163265306124,56.0,-0.23257042198097816
23238ffm,0.0,0.0010214504596527069,1,0.0,0.0010204081632653062,9.0,-0.043122367795059915
2K8ENzp3XDxYnwl,0.0,0.0010214504596527069,1,0.0,0.0010204081632653062,0.0,-0.043543973217882545
2Learn_ca,0.0,0.0,1,8.0,0.0010204081632653062,0.0,-0.1719353400922905
2d_reviews,0.0,0.0010214504596527069,1,0.0,0.0010204081632653062,0.0,-0.043543973217882545
32a3ad1e586243d,0.0,0.0020429009193054137,2,0.0,0.0020408163265306124,0.0,0.3005006825790948
3axel_2toe_tano,0.0,0.005107252298263534,5,0.0,0.00510204081632653,0.0,1.3326346499700263
4EyedCe,0.0,0.0010214504596527069,1,0.0,0.0010204081632653062,2.0,-0.04345028312392196
512JORGE,0.0,0.0010214504596527069,1,0.0,0.0010204081632653062,14.0,-0.04288814256015845
94_degrees,0.0,0.0,8,38.0,0.00816326530612245,0.0,0.8844061805221954
971theriver,0.0,0.0,2,0.0,0.0020408163265306124,37.0,-0.2334604778736037
989theGoat,0.0,0.0,1,7.0,0.0010204081632653062,0.0,-0.1893673209324251
AAAAI_org,0.0,0.0,3,8.0,0.003061224489795918,140.0,-0.01298214911206437
ABabino,0.0,0.0,2,0.0,0.0020408163265306124,22.0,-0.23416315357830808
AJHaefele,0.0,0.0,2,0.0,0.0020408163265306124,115.0,-0.22980656420914092
ALLREDToDoRoJo,0.0,0.0,2,0.0,0.0020408163265306124,168.0,-0.22732377671918547
AOTY1617,0.0,0.0010214504596527069,1,0.0,0.0010204081632653062,3.0,-0.04340343807694168
ARMYIndonesiaa,0.0,0.0,12,80.0,0.012244897959183673,0.0,1.9213391446138184
AVKingJames,0.0,0.0010214504596527069,1,0.0,0.0010204081632653062,35.0,-0.041904396573572325
AbbieRickards1,0.0,0.0010214504596527069,1,0.0,0.0010204081632653062,0.0,-0.043543973217882545
Achilles_PR,0.0,0.0030643513789581204,3,0.0,0.003061224489795918,28.0,0.6458569996915202
AdamGordon1977,0.0,0.0010214504596527069,1,0.0,0.0010204081632653062,91.0,-0.03928107394267599
Adam_Cesare,0.0,0.0,1,7.0,0.0010204081632653062,0.0,-0.1893673209324251
AdelineBaud,0.0,0.0,1,7.0,0.0010204081632653062,0.0,-0.1893673209324251
AdriTheaux,0.0,0.0,1,6.0,0.0010204081632653062,0.0,-0.20679930177255967
Affutee,0.0,0.0010214504596527069,1,0.0,0.0010204081632653062,7.0,-0.0432160578890205
AfricaPulse,0.0,0.0,2,0.0,0.0020408163265306124,181.0,-0.22671479110844167
Al__S,0.0,0.0,2,0.0,0.0020408163265306124,88.0,-0.23107138047760883
AlchemistGira,0.0,0.0,2,0.0,0.0020408163265306124,49.0,-0.23289833730984022
AlexiPappas,0.0,0.0020429009193054137,2,0.0,0.0020408163265306124,292.0,0.31417943629734
Alfred_Meester,0.0,0.0010214504596527069,1,0.0,0.0010204081632653062,88.0,-0.03942160908361686
AllOnFire,0.0,0.0,2,0.0,0.0020408163265306124,474.0,-0.21298919234321617
AllThingsDOI,0.0,0.0,1,8.0,0.0010204081632653062,0.0,-0.1719353400922905
AltFireAviation,0.0,0.0,2,0.0,0.0020408163265306124,45.0,-0.23308571749776136
AltHistoryHub,0.0,0.0,1,4.0,0.0010204081632653062,0.0,-0.24166326345282885
AlwaysTravelEm,0.0,0.0020429009193054137,2,0.0,0.0020408163265306124,12.0,0.30106282314285826
AminaBergeot,0.0,0.0010214504596527069,1,0.0,0.0010204081632653062,0.0,-0.043543973217882545
Amy_Liz01,0.0,0.0010214504596527069,1,0.0,0.0010204081632653062,0.0,-0.043543973217882545
Anaya_9560,0.0,0.0010214504596527069,1,0.0,0.0010204081632653062,0.0,-0.043543973217882545
AnbuSwift,0.0,0.0020429009193054137,2,0.0,0.0020408163265306124,14.0,0.30115651323681886
AndyJRyanPhoto,0.0,0.0,2,0.0,0.0020408163265306124,49.0,-0.23289833730984022
AngeliSmithUN,0.0,0.0020429009193054137,2,0.0,0.0020408163265306124,0.0,0.3005006825790948
AnnaMarinaaa,0.0,0.0,1,4.0,0.0010204081632653062,0.0,-0.24166326345282885
AntonCBennett,0.0,0.0010214504596527069,1,0.0,0.0010204081632653062,17.0,-0.042747607419217584
Ap05398561,0.0,0.0010214504596527069,1,0.0,0.0010204081632653062,0.0,-0.043543973217882545
Arbuthnott,0.0,0.0,1,7.0,0.0010204081632653062,0.0,-0.1893673209324251
ArtsUnimelb,0.0,0.0,2,0.0,0.0020408163265306124,66.0,-0.23210197151117523
Ase_Bye,0.0,0.0010214504596527069,1,0.0,0.0010204081632653062,28.0,-0.04223231190243437
B985FM,0.0,0.0,2,0.0,0.0020408163265306124,77.0,-0.23158667599439203
BBCWorld,0.0,0.0,2,13.0,0.0020408163265306124,0.0,-0.008577993690124977
BCFC_Tyler,0.0,0.0010214504596527069,1,0.0,0.0010204081632653062,9.0,-0.043122367795059915
BIANHTH,0.0,0.0010214504596527069,1,0.0,0.0010204081632653062,6.0,-0.0432629029360008
BKayeWade,0.0,0.0,2,0.0,0.0020408163265306124,1.0,-0.2351468995648942
BPS101Pride,0.0,0.0,1,7.0,0.0010204081632653062,0.0,-0.1893673209324251
BTS_HaniAzuna23,0.0,0.0010214504596527069,1,0.0,0.0010204081632653062,0.0,-0.043543973217882545
BTS_twt,0.0,0.0,1,5.0,0.0010204081632653062,0.0,-0.22423128261269426
BadHg21,0.0,0.0010214504596527069,1,0.0,0.0010204081632653062,74.0,-0.04007743974134095
Baekisgay,0.0,0.0020429009193054137,2,0.0,0.0020408163265306124,21.0,0.3014844285656809
BaekmeYeol,0.0,0.0020429009193054137,2,0.0,0.0020408163265306124,0.0,0.3005006825790948
BalrogGameRoom,0.0,0.0,3,17.0,0.003061224489795918,0.0,0.137347371871906
BaruchProForum,0.0,0.0,2,0.0,0.0020408163265306124,350.0,-0.21879797816877233
BeFitMotivation,0.0,0.0,1,6.0,0.0010204081632653062,0.0,-0.20679930177255967
BeanCountry,0.0,0.0010214504596527069,1,0.0,0.0010204081632653062,140.0,-0.03698566664064169
BeaumierRoger,0.0,0.0010214504596527069,1,0.0,0.0010204081632653062,1.0,-0.04349712817090225
Beet_TV,0.0,0.0010214504596527069,1,0.0,0.0010204081632653062,753.0,-0.008269652841722777
BenSteers,0.0,0.0020429009193054137,2,0.0,0.0020408163265306124,250.0,0.31221194432416777
BerlinDailySun,0.0,0.0,2,0.0,0.0020408163265306124,23.0,-0.2341163085313278
BishopIkedi1,0.0,0.0,2,0.0,0.0020408163265306124,57.0,-0.2325235769339979
BlackFeminisms,0.0,0.0,3,18.0,0.003061224489795918,0.0,0.15477935271204055
Blue_LineMag,0.0,0.0,1,7.0,0.0010204081632653062,0.0,-0.1893673209324251
BluecosmosH,0.0,0.0010214504596527069,1,0.0,0.0010204081632653062,319.0,-0.02860040323116944
BomberSports,0.0,0.0,1,6.0,0.0010204081632653062,0.0,-0.20679930177255967
BoomChatter,0.0,0.0010214504596527069,1,0.0,0.0010204081632653062,7.0,-0.0432160578890205
BradZiemer,0.0,0.0010214504596527069,1,0.0,0.0010204081632653062,308.0,-0.029115698747952654
BrianToddCNN,0.0,0.0,3,8.0,0.003061224489795918,407.0,-0.00047452156832646086
BrookingsK,0.0,0.0010214504596527069,1,0.0,0.0010204081632653062,1.0,-0.04349712817090225
Bushie_40,0.0,0.0,2,0.0,0.0020408163265306124,1.0,-0.2351468995648942
CAS1AN0,0.0,0.0010214504596527069,1,0.0,0.0010204081632653062,24.0,-0.04241969209035554
CBGworld,0.0,0.0040858018386108275,4,0.0,0.004081632653061225,64.0,0.991588077179788
CBSSports,0.0,0.0,1,0.0,0.0010204081632653062,0.0,-0.3113911868133672
CGTNOfficial,0.0,0.0,2,8.0,0.0020408163265306124,0.0,-0.09573789789079787
CKKaufmannServ,0.0,0.0010214504596527069,1,0.0,0.0010204081632653062,7.0,-0.0432160578890205
CNN,0.0,0.0,2,9.0,0.0020408163265306124,0.0,-0.07830591705066328
CNNPolitics,0.0,0.0,3,15.0,0.003061224489795918,0.0,0.10248341019163681
CP_SportCanada,0.0,0.0,1,7.0,0.0010204081632653062,0.0,-0.1893673209324251
CRGazetteSports,0.0,0.0010214504596527069,1,0.0,0.0010204081632653062,81.0,-0.03974952441247891
CRUSADEROPER8TR,0.0,0.0010214504596527069,1,0.0,0.0010204081632653062,47.0,-0.04134225600980883
CSISKoreaChair,0.0,0.0010214504596527069,2,8.0,0.0020408163265306124,395.0,0.19061310926190206
CalgaryPolice,0.0,0.0,1,7.0,0.0010204081632653062,0.0,-0.1893673209324251
Callme_villa,0.0,0.0010214504596527069,1,0.0,0.0010204081632653062,4.0,-0.04335659302996138
Canadian_Errant,0.0,0.0,1,7.0,0.0010204081632653062,0.0,-0.1893673209324251
Cannabisaurious,0.0,0.0,2,0.0,0.0020408163265306124,27.0,-0.23392892834340662
Carlarowen,0.0,0.0010214504596527069,1,0.0,0.0010204081632653062,0.0,-0.043543973217882545
Cat_Kapow,0.0,0.0,3,21.0,0.003061224489795918,0.0,0.20707529523244436
CathliaWard,0.0,0.0030643513789581204,3,0.0,0.003061224489795918,14.0,0.6452011690337962
CelticCernunnos,0.0,0.0010214504596527069,1,0.0,0.0010204081632653062,82.0,-0.03970267936549861
Cen21_Amarillo,0.0,0.0,2,0.0,0.0020408163265306124,0.0,-0.23519374461187453
CentipedeLove,0.0,0.0010214504596527069,1,0.0,0.0010204081632653062,0.0,-0.043543973217882545
Change,0.0,0.0,1,14.0,0.0010204081632653062,0.0,-0.06734345505148301
ChangeFrance,0.0,0.0,1,0.0,0.0010204081632653062,0.0,-0.3113911868133672
Cheri455,0.0,0.0010214504596527069,1,0.0,0.0010204081632653062,0.0,-0.043543973217882545
ChiTownSports,0.0,0.0,2,0.0,0.0020408163265306124,308.0,-0.22076547014194464
Chilhon2016Lap,0.0,0.0010214504596527069,1,0.0,0.0010204081632653062,904.0,-0.0011960507476987126
ChrisHoodAU,0.0,0.0,2,0.0,0.0020408163265306124,11.0,-0.23467844909509128
Chrislyn526,0.0,0.0010214504596527069,1,0.0,0.0010204081632653062,0.0,-0.043543973217882545
Ciga_FF,0.0,0.0,1,8.0,0.0010204081632653062,0.0,-0.1719353400922905
CinderLaura2013,0.0,0.0,2,0.0,0.0020408163265306124,5.0,-0.23495951937697307
Clandestin101,0.0,0.0010214504596527069,1,0.0,0.0010204081632653062,47.0,-0.04134225600980883
CloverW,0.0,0.0,2,0.0,0.0020408163265306124,106.0,-0.23022816963196358
ColinCa57082954,0.0,0.0010214504596527069,1,0.0,0.0010204081632653062,1.0,-0.04349712817090225
ComoxValleySD71,0.0,0.0010214504596527069,1,0.0,0.0010204081632653062,63.0,-0.040592735258124166
CompleteSports,0.0,0.0,1,7.0,0.0010204081632653062,0.0,-0.1893673209324251
Conf_Electorate,0.0,0.0010214504596527069,1,0.0,0.0010204081632653062,0.0,-0.043543973217882545
CooperBlount,0.0,0.0010214504596527069,1,0.0,0.0010204081632653062,5.0,-0.04330974798298108
CorrectBae_News,0.0,0.0,2,0.0,0.0020408163265306124,60.0,-0.23238304179305702
CourtneyFiorini,0.0,0.0010214504596527069,1,0.0,0.0010204081632653062,42.0,-0.04157648124471029
CreativeReview,0.0,0.0,1,6.0,0.0010204081632653062,0.0,-0.20679930177255967
Crimson_Romance,0.0,0.0,1,6.0,0.0010204081632653062,0.0,-0.20679930177255967
CylanceInsider,0.0,0.0010214504596527069,2,7.0,0.0020408163265306124,1.0,0.15472417991153248
CypherSec,0.0,0.0020429009193054137,2,0.0,0.0020408163265306124,23.0,0.30157811865964146
D8N_Barb,0.0,0.0010214504596527069,1,0.0,0.0010204081632653062,21.0,-0.04256022723129642
DanBarreiroKFAN,0.0,0.0,2,0.0,0.0020408163265306124,0.0,-0.23519374461187453
DanSwee05936115,0.0,0.0010214504596527069,1,0.0,0.0010204081632653062,0.0,-0.043543973217882545
DanaCKeith,0.0,0.0010214504596527069,1,0.0,0.0010204081632653062,4.0,-0.04335659302996138
Danielle__Ellis,0.0,0.0,1,7.0,0.0010204081632653062,0.0,-0.1893673209324251
DarvinWalter,0.0,0.0010214504596527069,1,0.0,0.0010204081632653062,5.0,-0.04330974798298108
DavidLammy,0.0,0.0,2,0.0,0.0020408163265306124,0.0,-0.23519374461187453
DavidUnderdown9,0.0,0.0010214504596527069,1,0.0,0.0010204081632653062,310.0,-0.02902200865399207
DavonRobb,0.0,0.0,2,0.0,0.0020408163265306124,10.0,-0.2347252941420716
DazzlingDeal,0.0,0.0020429009193054137,2,0.0,0.0020408163265306124,383.0,0.31844233557254653
DeathByDes1gner,0.0,0.0,2,0.0,0.0020408163265306124,3.0,-0.2350532094709336
Deathc0de,0.0,0.0,2,0.0,0.0020408163265306124,0.0,-0.23519374461187453
DeiseringJustin,0.0,0.0010214504596527069,1,0.0,0.0010204081632653062,3.0,-0.04340343807694168
Delta7900,0.0,0.0010214504596527069,1,0.0,0.0010204081632653062,9.0,-0.043122367795059915
DeniseRodgers71,0.0,0.0010214504596527069,1,0.0,0.0010204081632653062,0.0,-0.043543973217882545
Didley33,0.0,0.0,2,0.0,0.0020408163265306124,1.0,-0.2351468995648942
Digiday,0.0,0.0,3,7.0,0.003061224489795918,6102.0,0.24887604014430106
Divinevarod,0.0,0.0010214504596527069,1,0.0,0.0010204081632653062,168.0,-0.03567400532519352
Domhnall_iain,0.0,0.0010214504596527069,1,0.0,0.0010204081632653062,52.0,-0.041108030774907364
DominguezCJorge,0.0,0.0,1,7.0,0.0010204081632653062,0.0,-0.1893673209324251
Doradojr20,0.0,0.0010214504596527069,1,0.0,0.0010204081632653062,3.0,-0.04340343807694168
Doug415510330,0.0,0.0,2,0.0,0.0020408163265306124,9.0,-0.23477213918905188
DouglasDammann,0.0,0.0010214504596527069,1,0.0,0.0010204081632653062,550.0,-0.017779197378722023
DrBillASU,0.0,0.0010214504596527069,1,0.0,0.0010204081632653062,367.0,-0.02635184097611544
DylanDreyerNBC,0.0,0.0,1,0.0,0.0010204081632653062,0.0,-0.3113911868133672
EFerritto,0.0,0.0,1,8.0,0.0010204081632653062,0.0,-0.1719353400922905
EMCLimited,0.0,0.0010214504596527069,1,0.0,0.0010204081632653062,49.0,-0.041248565915848245
Echinanews,0.0,0.0,3,6.0,0.003061224489795918,744.0,-0.019551702416237243
Ednash45,0.0,0.0,2,0.0,0.0020408163265306124,1.0,-0.2351468995648942
Ehduard33,0.0,0.0010214504596527069,1,0.0,0.0010204081632653062,78.0,-0.03989005955341979
EiE_org,0.0,0.0,2,0.0,0.0020408163265306124,175.0,-0.2269958613903234
ElBambam2,0.0,0.0010214504596527069,1,0.0,0.0010204081632653062,17.0,-0.042747607419217584
ElizabethSalz,0.0,0.0010214504596527069,1,0.0,0.0010204081632653062,396.0,-0.02499333461368697
EmbassyofRussia,0.0,0.0,5,31.0,0.00510204081632653,0.0,0.5337899880367754
EmetMihajlo,0.0,0.0010214504596527069,1,0.0,0.0010204081632653062,0.0,-0.043543973217882545
EpilepsySA,0.0,0.0,2,0.0,0.0020408163265306124,33.0,-0.23364785806152488
EricFrolka,0.0,0.0020429009193054137,2,0.0,0.0020408163265306124,4.0,0.30068806276701593
EricaTheRose,0.0,0.0,2,0.0,0.0020408163265306124,380.0,-0.2173926267593636
ErikConnelly,0.0,0.0,2,0.0,0.0020408163265306124,5.0,-0.23495951937697307
EritreaRT1,0.0,0.0010214504596527069,1,0.0,0.0010204081632653062,698.0,-0.010846130425638825
Essence,0.0,0.0,10,57.0,0.01020408163265306,0.0,1.3680087008877377
ExoLBalcony,0.0,0.0010214504596527069,1,0.0,0.0010204081632653062,1.0,-0.04349712817090225
FOX23,0.0,0.0,2,0.0,0.0020408163265306124,768.0,-0.19921674853101035
FOX5Vegas,0.0,0.0,1,7.0,0.0010204081632653062,0.0,-0.1893673209324251
FOXBaltimore,0.0,0.0,1,7.0,0.0010204081632653062,0.0,-0.1893673209324251
FabienMalbet,0.0,0.0040858018386108275,4,0.0,0.004081632653061225,188.0,0.9973968630053442
Face2faceAFRICA,0.0,0.0,1,6.0,0.0010204081632653062,0.0,-0.20679930177255967
FaisalShaikh113,0.0,0.0010214504596527069,1,0.0,0.0010204081632653062,533.0,-0.018575563177386983
Farahzahraa95,0.0,0.0010214504596527069,1,0.0,0.0010204081632653062,0.0,-0.043543973217882545
Fenella_Wicks,0.0,0.006128702757916241,7,0.0,0.007142857142857143,3.0,1.753017283109437
FinnatWagerTalk,0.0,0.0010214504596527069,1,0.0,0.0010204081632653062,74.0,-0.04007743974134095
FormFiftyFive,0.0,0.0,1,7.0,0.0010204081632653062,0.0,-0.1893673209324251
ForwardFactor,0.0,0.0,1,7.0,0.0010204081632653062,0.0,-0.1893673209324251
Fr33Th0ught,0.0,0.0010214504596527069,1,0.0,0.0010204081632653062,3.0,-0.04340343807694168
FrankiesBooks,0.0,0.0010214504596527069,1,0.0,0.0010204081632653062,99.0,-0.03890631356683365
Fredagsvik,0.0,0.0010214504596527069,1,0.0,0.0010204081632653062,50.0,-0.04120172086886796
FuWoolBonBon,0.0,0.0020429009193054137,2,0.0,0.0020408163265306124,6.0,0.3007817528609765
GBParkandPipe,0.0,0.0,1,5.0,0.0010204081632653062,0.0,-0.22423128261269426
GRETEGIRL,0.0,0.0,1,0.0,0.0010204081632653062,0.0,-0.3113911868133672
GRK8_PE,0.0,0.0,2,0.0,0.0020408163265306124,6.0,-0.23491267432999274
Gemmamurray_83,0.0,0.0,1,6.0,0.0010204081632653062,0.0,-0.20679930177255967
GoCottage,0.0,0.0,2,0.0,0.0020408163265306124,44.0,-0.23313256254474168
Gotexoll,0.0,0.0010214504596527069,1,0.0,0.0010204081632653062,0.0,-0.043543973217882545
GrlldChsAsp,0.0,0.0010214504596527069,1,0.0,0.0010204081632653062,137.0,-0.03712620178158256
H2Bjorn,0.0,0.0,1,7.0,0.0010204081632653062,0.0,-0.1893673209324251
HUMANBEINGONE,0.0,0.0010214504596527069,1,0.0,0.0010204081632653062,125.0,-0.03768834234534607
HaelFatima,0.0,0.0010214504596527069,1,0.0,0.0010204081632653062,0.0,-0.043543973217882545
Hailey50846025,0.0,0.0010214504596527069,1,0.0,0.0010204081632653062,0.0,-0.043543973217882545
Hank723AMN,0.0,0.0010214504596527069,1,0.0,0.0010204081632653062,32.0,-0.042044931714513206
HaraldDoornbos,0.0,0.0,5,19.0,0.00510204081632653,1828.0,0.4102389638351339
HerosofCanada,0.0,0.0020429009193054137,2,0.0,0.0020408163265306124,31.0,0.30195287903548385
Hexagonal19,0.0,0.0010214504596527069,1,0.0,0.0010204081632653062,0.0,-0.043543973217882545
Hierkaufich,0.0,0.0,2,0.0,0.0020408163265306124,527.0,-0.21050640485326072
HollywoodLife,0.0,0.0,3,4.0,0.003061224489795918,1994.0,0.004140644628858395
HoustonChron,0.0,0.0,2,10.0,0.0020408163265306124,0.0,-0.06087393621052871
HoustonsEagle,0.0,0.0,2,0.0,0.0020408163265306124,61.0,-0.2323361967460767
IA21679875,0.0,0.0010214504596527069,1,0.0,0.0010204081632653062,0.0,-0.043543973217882545
IBRustyJim,0.0,0.0010214504596527069,1,0.0,0.0010204081632653062,193.0,-0.034502879150686214
ICFitnessCenter,0.0,0.0,2,0.0,0.0020408163265306124,17.0,-0.23439737881320954
IEMFA,0.0,0.0,2,0.0,0.0020408163265306124,7.0,-0.23486582928301247
IGGYAZALEA,0.0,0.0,3,20.0,0.003061224489795918,0.0,0.18964331439230972
IGN_Vorstand,0.0,0.0010214504596527069,1,0.0,0.0010204081632653062,179.0,-0.03515870980841031
ISFsports,0.0,0.0,1,7.0,0.0010204081632653062,0.0,-0.1893673209324251
IamNitishSingh,0.0,0.0,2,0.0,0.0020408163265306124,9.0,-0.23477213918905188
Iam_setter12,0.0,0.0,2,0.0,0.0020408163265306124,1.0,-0.2351468995648942
IanMHFX,0.0,0.0010214504596527069,1,0.0,0.0010204081632653062,47.0,-0.04134225600980883
IanSeign,0.0,0.0010214504596527069,1,0.0,0.0010204081632653062,2.0,-0.04345028312392196
ImmaThunderCunt,0.0,0.0010214504596527069,1,0.0,0.0010204081632653062,0.0,-0.043543973217882545
Independent,0.0,0.0,1,7.0,0.0010204081632653062,0.0,-0.1893673209324251
IndiaTodayNews1,0.0,0.0,2,0.0,0.0020408163265306124,71.0,-0.23186774627627377
Indilens,0.0,0.0,2,0.0,0.0020408163265306124,90.0,-0.23097769038364824
InfosecurityMag,0.0,0.0,1,2.0,0.0010204081632653062,0.0,-0.276527225133098
Integralmathyt,0.0,0.0010214504596527069,1,0.0,0.0010204081632653062,73.0,-0.04012428478832124
IntellectLawyer,0.0,0.0010214504596527069,1,0.0,0.0010204081632653062,43.0,-0.041529636197729994
Israel,0.0,0.0,1,0.0,0.0010204081632653062,0.0,-0.3113911868133672
IsraelInstNZ,0.0,0.0,2,0.0,0.0020408163265306124,0.0,-0.23519374461187453
IsraelNewsNow,0.0,0.0,1,6.0,0.0010204081632653062,0.0,-0.20679930177255967
Izkyfajri461,0.0,0.0020429009193054137,2,0.0,0.0020408163265306124,0.0,0.3005006825790948
JPFOTOGRAFOSS,0.0,0.0010214504596527069,1,0.0,0.0010204081632653062,550.0,-0.017779197378722023
JRNiles,0.0,0.0010214504596527069,1,0.0,0.0010204081632653062,8.0,-0.043169212842040214
JSter24,0.0,0.0010214504596527069,1,0.0,0.0010204081632653062,1.0,-0.04349712817090225
JakeDWerm,0.0,0.0020429009193054137,2,0.0,0.0020408163265306124,2.0,0.30059437267305533
JakeMariaGrey1,0.0,0.0010214504596527069,1,0.0,0.0010204081632653062,0.0,-0.043543973217882545
Jambobsled,0.0,0.0,1,7.0,0.0010204081632653062,0.0,-0.1893673209324251
JamesHenryIII2,0.0,0.0,2,0.0,0.0020408163265306124,1.0,-0.2351468995648942
JamesMalleson,0.0,0.0,2,0.0,0.0020408163265306124,1.0,-0.2351468995648942
JcFiscus,0.0,0.0020429009193054137,2,0.0,0.0020408163265306124,3.0,0.30064121772003566
JeffRichgels,0.0,0.0010214504596527069,1,0.0,0.0010204081632653062,93.0,-0.03918738384871541
JennVirskus,0.0,0.0030643513789581204,3,0.0,0.003061224489795918,77.0,0.6481524069935546
JenniferDykes12,0.0,0.0030643513789581204,3,0.0,0.003061224489795918,0.0,0.6445453383760721
JewishVancouver,0.0,0.0,1,6.0,0.0010204081632653062,0.0,-0.20679930177255967
JimmyVsRaleigh,0.0,0.0,1,4.0,0.0010204081632653062,0.0,-0.24166326345282885
JockCartier,0.0,0.0,2,0.0,0.0020408163265306124,68.0,-0.23200828141721463
JohnOkpala3,0.0,0.0010214504596527069,1,0.0,0.0010204081632653062,0.0,-0.043543973217882545
Johnny_Detroit,0.0,0.0010214504596527069,1,0.0,0.0010204081632653062,627.0,-0.01417212876123955
JulianCMitchell,0.0,0.0,1,0.0,0.0010204081632653062,0.0,-0.3113911868133672
Julie348,0.0,0.0010214504596527069,1,0.0,0.0010204081632653062,0.0,-0.043543973217882545
Jungkookie1love,0.0,0.0010214504596527069,1,0.0,0.0010204081632653062,3.0,-0.04340343807694168
KCENNews,0.0,0.0020429009193054137,2,0.0,0.0020408163265306124,483.0,0.32312684027057575
KCPT,0.0,0.0020429009193054137,2,0.0,0.0020408163265306124,530.0,0.32532855747864947
KGreifD,0.0,0.0010214504596527069,1,0.0,0.0010204081632653062,0.0,-0.043543973217882545
KIRO7Seattle,0.0,0.0,3,7.0,0.003061224489795918,3660.0,0.13448043541842838
KLMNigeria,0.0,0.0,1,7.0,0.0010204081632653062,0.0,-0.1893673209324251
KPMcFarland,0.0,0.0,2,0.0,0.0020408163265306124,56.0,-0.23257042198097816
KTAR923,0.0,0.0,3,2.0,0.003061224489795918,1071.0,-0.07396129541422017
Kantar_Media,0.0,0.0010214504596527069,5,15.0,0.00510204081632653,831.0,0.5616537422307292
KarenCo55329777,0.0,0.0010214504596527069,1,0.0,0.0010204081632653062,3.0,-0.04340343807694168
KeepLeftPromos,0.0,0.0010214504596527069,1,0.0,0.0010204081632653062,3.0,-0.04340343807694168
KegsnEggs,0.0,0.0,2,0.0,0.0020408163265306124,1956.0,-0.14356483271842363
KellyBoldt,0.0,0.0,2,0.0,0.0020408163265306124,32.0,-0.23369470310850515
KestlerBrittney,0.0,0.0010214504596527069,1,0.0,0.0010204081632653062,1.0,-0.04349712817090225
KimLing99,0.0,0.0010214504596527069,1,0.0,0.0010204081632653062,0.0,-0.043543973217882545
KimSengupta07,0.0,0.0,2,0.0,0.0020408163265306124,233.0,-0.2242788486654665
Kittenysh,0.0,0.0,2,0.0,0.0020408163265306124,4.0,-0.23500636442395334
Kkaepsong_92,0.0,0.0020429009193054137,2,0.0,0.0020408163265306124,1.0,0.30054752762607506
Koh_59,0.0,0.0010214504596527069,1,0.0,0.0010204081632653062,0.0,-0.043543973217882545
Kolie_Yola,0.0,0.0010214504596527069,1,0.0,0.0010204081632653062,110.0,-0.03839101805005045
KoreaEconInst,0.0,0.0,2,0.0,0.0020408163265306124,206.0,-0.2255436649339344
KoreanUpdates,0.0,0.0,15,93.0,0.015306122448979591,0.0,2.3765472221400454
Koreandogs,0.0,0.0,1,47.0,0.0010204081632653062,0.0,0.5079119126729581
Krhammar,0.0,0.0,2,0.0,0.0020408163265306124,1.0,-0.2351468995648942
KrisLipscombe,0.0,0.0010214504596527069,1,0.0,0.0010204081632653062,83.0,-0.039655834318518324
KudzaiPfuwai,0.0,0.0010214504596527069,1,0.0,0.0010204081632653062,3.0,-0.04340343807694168
LA_ALEX4,0.0,0.0010214504596527069,1,0.0,0.0010204081632653062,6.0,-0.0432629029360008
LESHanover,0.0,0.0,1,0.0,0.0010204081632653062,0.0,-0.3113911868133672
LJane529,0.0,0.0010214504596527069,1,0.0,0.0010204081632653062,0.0,-0.043543973217882545
LaffsAtTheFash,0.0,0.0010214504596527069,1,0.0,0.0010204081632653062,6.0,-0.0432629029360008
Lastmedic,0.0,0.0010214504596527069,1,0.0,0.0010204081632653062,94.0,-0.03914053880173511
Legends971,0.0,0.0,2,0.0,0.0020408163265306124,30.0,-0.23378839320246575
LeighMathys,0.0,0.0010214504596527069,1,0.0,0.0010204081632653062,49.0,-0.041248565915848245
Lisa45000,0.0,0.0010214504596527069,1,0.0,0.0010204081632653062,6.0,-0.0432629029360008
LiveInHope13,0.0,0.0010214504596527069,1,0.0,0.0010204081632653062,270.0,-0.03089581053320374
Lizz_BTS,0.0,0.0010214504596527069,1,0.0,0.0010204081632653062,0.0,-0.043543973217882545
Lmazade,0.0,0.0,2,0.0,0.0020408163265306124,47.0,-0.23299202740380082
LockeyTL6,0.0,0.0010214504596527069,1,0.0,0.0010204081632653062,3.0,-0.04340343807694168
Lordvader2009,0.0,0.0010214504596527069,1,0.0,0.0010204081632653062,18.0,-0.042700762372237286
LosAngelesSRH,0.0,0.0,2,0.0,0.0020408163265306124,207.0,-0.22549681988695408
LoveMusicEMag,0.0,0.0020429009193054137,2,0.0,0.0020408163265306124,14.0,0.30115651323681886
LukeSisko,0.0,0.0010214504596527069,1,0.0,0.0010204081632653062,231.0,-0.032722767365435126
MSHS_SO,0.0,0.0010214504596527069,1,0.0,0.0010204081632653062,0.0,-0.043543973217882545
MSNSports,0.0,0.0,2,0.0,0.0020408163265306124,113.0,-0.22990025430310151
MaggieWade9,0.0,0.0,2,0.0,0.0020408163265306124,17.0,-0.23439737881320954
Maine_South,0.0,0.0,4,17.0,0.004081632653061225,0.0,0.21354481407339865
ManvirMundra,0.0,0.0010214504596527069,1,0.0,0.0010204081632653062,0.0,-0.043543973217882545
MariDSaint,0.0,0.0010214504596527069,1,0.0,0.0010204081632653062,0.0,-0.043543973217882545
MarioALeal,0.0,0.0,2,0.0,0.0020408163265306124,12.0,-0.234631604048111
MarkPlackett1,0.0,0.0010214504596527069,1,0.0,0.0010204081632653062,1683.0,0.03529624084994866
MarkSilver,0.0,0.0,2,0.0,0.0020408163265306124,186.0,-0.2264805658735402
MarshalldaFox,0.0,0.0,2,0.0,0.0020408163265306124,3.0,-0.2350532094709336
Maryc1850Sadler,0.0,0.0010214504596527069,1,0.0,0.0010204081632653062,9.0,-0.043122367795059915
MasashiKohmura,0.0,0.0020429009193054137,2,0.0,0.0020408163265306124,6.0,0.3007817528609765
MeJeffBond,0.0,0.0010214504596527069,1,0.0,0.0010204081632653062,28.0,-0.04223231190243437
MediaevalProg,0.0,0.0020429009193054137,2,0.0,0.0020408163265306124,0.0,0.3005006825790948
MensJournal,0.0,0.0,1,7.0,0.0010204081632653062,0.0,-0.1893673209324251
Michell08647661,0.0,0.0020429009193054137,2,0.0,0.0020408163265306124,0.0,0.3005006825790948
MicoComia23,0.0,0.0010214504596527069,1,0.0,0.0010204081632653062,1.0,-0.04349712817090225
MikeLerseth,0.0,0.0010214504596527069,1,0.0,0.0010204081632653062,39.0,-0.04171701638565116
MissMatson58,0.0,0.0,2,0.0,0.0020408163265306124,4.0,-0.23500636442395334
Miss_Shilan,0.0,0.0,2,0.0,0.0020408163265306124,0.0,-0.23519374461187453
Morbid_Scarlet,0.0,0.0010214504596527069,1,0.0,0.0010204081632653062,4.0,-0.04335659302996138
MrMattWilley,0.0,0.0,2,6.0,0.0020408163265306124,0.0,-0.130601859571067
Murphinations,0.0,0.0010214504596527069,1,0.0,0.0010204081632653062,4.0,-0.04335659302996138
MyBangtanBoys1,0.0,0.0010214504596527069,1,0.0,0.0010204081632653062,0.0,-0.043543973217882545
MySeattleNews,0.0,0.0010214504596527069,1,0.0,0.0010204081632653062,10.0,-0.04307552274807963
Mydragonn,0.0,0.0020429009193054137,2,0.0,0.0020408163265306124,18.0,0.30134389342474005
NBCDFW,0.0,0.0,2,9.0,0.0020408163265306124,0.0,-0.07830591705066328
NBCNightlyNews,0.0,0.0010214504596527069,7,31.0,0.007142857142857143,10668.0,1.453775047220999
NBCSports,0.0,0.0,1,0.0,0.0010204081632653062,0.0,-0.3113911868133672
NBCTheWall,0.0,0.0,1,7.0,0.0010204081632653062,0.0,-0.1893673209324251
NCiancibello,0.0,0.0,2,0.0,0.0020408163265306124,0.0,-0.23519374461187453
NFLRT,0.0,0.0,20,124.0,0.02040816326530612,0.0,3.297925839191681
NFLWrld,0.0,0.0,2,0.0,0.0020408163265306124,188.0,-0.2263868757795796
NMNJorg,0.0,0.0010214504596527069,1,0.0,0.0010204081632653062,1.0,-0.04349712817090225
NPR,0.0,0.0,1,0.0,0.0010204081632653062,0.0,-0.3113911868133672
NPattonUSA,0.0,0.0010214504596527069,1,0.0,0.0010204081632653062,1.0,-0.04349712817090225
NYTStyles,0.0,0.0,4,16.0,0.004081632653061225,0.0,0.19611283323326406
NYTmag,0.0,0.0,3,13.0,0.003061224489795918,0.0,0.06761944851136764
N_Buckland,0.0,0.0,1,14.0,0.0010204081632653062,0.0,-0.06734345505148301
Nancycfields1,0.0,0.0010214504596527069,1,0.0,0.0010204081632653062,1.0,-0.04349712817090225
NelsonCarterJr,0.0,0.0020429009193054137,2,0.0,0.0020408163265306124,281.0,0.31366414078055677
Netweather,0.0,0.0010214504596527069,1,0.0,0.0010204081632653062,268.0,-0.030989500627164324
NewFrenz,0.0,0.0010214504596527069,1,0.0,0.0010204081632653062,2.0,-0.04345028312392196
NewImproved9,0.0,0.0010214504596527069,1,0.0,0.0010204081632653062,2.0,-0.04345028312392196
News365247live,0.0,0.0010214504596527069,1,0.0,0.0010204081632653062,134.0,-0.03726673692252344
NewsBry,0.0,0.0,2,0.0,0.0020408163265306124,93.0,-0.23083715524270737
NewsHour,0.0,0.0010214504596527069,1,0.0,0.0010204081632653062,14018.0,0.6131298953518487
NewsHourWorld,0.0,0.0,3,25.0,0.003061224489795918,0.0,0.2768032185929826
NewsHours,0.0,0.0,3,12.0,0.003061224489795918,0.0,0.05018746767123308
NewsITN,0.0,0.0,2,0.0,0.0020408163265306124,6.0,-0.23491267432999274
Nexteditionnews,0.0,0.0,2,0.0,0.0020408163265306124,1.0,-0.2351468995648942
Nextgov,0.0,0.0,4,14.0,0.004081632653061225,1384.0,0.22608241657371886
NezzyKnowZzZ666,0.0,0.0,2,0.0,0.0020408163265306124,83.0,-0.2313056057125103
NicoleFlockto,0.0,0.0,1,6.0,0.0010204081632653062,0.0,-0.20679930177255967
NicoleFlockton,0.0,0.0020429009193054137,2,0.0,0.0020408163265306124,97.0,0.3050446521361831
NoTimeForThe,0.0,0.0010214504596527069,1,0.0,0.0010204081632653062,9.0,-0.043122367795059915
NoToAfkPray_OS,0.0,0.0,2,0.0,0.0020408163265306124,1.0,-0.2351468995648942
Northofsevn,0.0,0.0,2,0.0,0.0020408163265306124,64.0,-0.23219566160513583
NotSoLilMD,0.0,0.0,2,0.0,0.0020408163265306124,14.0,-0.2345379139541504
OWI_AUS,0.0,0.0,1,7.0,0.0010204081632653062,0.0,-0.1893673209324251
Olym,0.0,0.0,1,8.0,0.0010204081632653062,0.0,-0.1719353400922905
Olympics,0.0,0.0,8,36.0,0.00816326530612245,0.0,0.8495422188419262
OlympicsPFGC,0.0,0.0010214504596527069,1,0.0,0.0010204081632653062,0.0,-0.043543973217882545
OneCoin4u,0.0,0.0,2,0.0,0.0020408163265306124,54.0,-0.23266411207493876
OrangeYoungLife,0.0,0.0,1,8.0,0.0010204081632653062,0.0,-0.1719353400922905
OrichalcumRoad,0.0,0.0010214504596527069,1,0.0,0.0010204081632653062,34.0,-0.04195124162055262
OrkneyLibrary,0.0,0.0,1,7.0,0.0010204081632653062,0.0,-0.1893673209324251
OronaTwili,0.0,0.0010214504596527069,1,0.0,0.0010204081632653062,4.0,-0.04335659302996138
Otenorio19,0.0,0.0010214504596527069,1,0.0,0.0010204081632653062,3.0,-0.04340343807694168
PBS,0.0,0.0010214504596527069,3,12.0,0.003061224489795918,18057.0,1.1639156945898477
PahlaviLondon,0.0,0.0,1,2.0,0.0010204081632653062,0.0,-0.276527225133098
PanamSports,0.0,0.0,2,0.0,0.0020408163265306124,6.0,-0.23491267432999274
PanasonicUK,0.0,0.0,1,6.0,0.0010204081632653062,0.0,-0.20679930177255967
PaulusIoannes23,0.0,0.0010214504596527069,1,0.0,0.0010204081632653062,0.0,-0.043543973217882545
Pebyayulestari1,0.0,0.0010214504596527069,1,0.0,0.0010204081632653062,0.0,-0.043543973217882545
PenguinMoke808,0.0,0.0010214504596527069,1,0.0,0.0010204081632653062,0.0,-0.043543973217882545
PennyCoomes,0.0,0.0,1,14.0,0.0010204081632653062,0.0,-0.06734345505148301
PeterAlexander,0.0,0.0,2,16.0,0.0020408163265306124,0.0,0.04371794883027878
PeterWigge,0.0,0.0010214504596527069,1,0.0,0.0010204081632653062,1.0,-0.04349712817090225
PinkwvPink,0.0,0.0010214504596527069,1,0.0,0.0010204081632653062,3.0,-0.04340343807694168
PirateParty808,0.0,0.0010214504596527069,1,0.0,0.0010204081632653062,1030.0,0.00470642517181806
PlayOverwatch,0.0,0.0,2,14.0,0.0020408163265306124,0.0,0.008853987150009637
PolarMachine,0.0,0.0,2,0.0,0.0020408163265306124,2.0,-0.23510005451791394
PostSports,0.0,0.0010214504596527069,1,0.0,0.0010204081632653062,1241.0,0.01459073008465965
PouncingPikachu,0.0,0.0,2,0.0,0.0020408163265306124,0.0,-0.23519374461187453
PowerAthens,0.0,0.0,2,0.0,0.0020408163265306124,90.0,-0.23097769038364824
PubMediaFans,0.0,0.0020429009193054137,2,0.0,0.0020408163265306124,4.0,0.30068806276701593
PundareeM,0.0,0.0010214504596527069,1,0.0,0.0010204081632653062,0.0,-0.043543973217882545
PyeongChang2018,0.0,0.0,1,0.0,0.0010204081632653062,0.0,-0.3113911868133672
QbanKendy,0.0,0.0010214504596527069,1,0.0,0.0010204081632653062,1505.0,0.026957822487456692
QuieroElMixtape,0.0,0.0010214504596527069,1,0.0,0.0010204081632653062,0.0,-0.043543973217882545
QxNews,0.0,0.0010214504596527069,1,0.0,0.0010204081632653062,2758.0,0.0856546663537624
RGVProud,0.0,0.0020429009193054137,2,0.0,0.0020408163265306124,169.0,0.3084174955187641
RIOlympics,0.0,0.0,2,0.0,0.0020408163265306124,15.0,-0.23449106890717014
RMSUTJR,0.0,0.0010214504596527069,1,0.0,0.0010204081632653062,18.0,-0.042700762372237286
RSIoperations,0.0,0.0,2,0.0,0.0020408163265306124,42.0,-0.23322625263870223
RadioTimes,0.0,0.0,3,6.0,0.003061224489795918,1492.0,0.01548839272502106
RaineyRave,0.0,0.0010214504596527069,1,0.0,0.0010204081632653062,8.0,-0.043169212842040214
RalNightlife,0.0,0.0,1,4.0,0.0010204081632653062,0.0,-0.24166326345282885
RapidTVNews,0.0,0.0010214504596527069,3,15.0,0.003061224489795918,324.0,0.385508419008736
Rathmorepe,0.0,0.0010214504596527069,1,0.0,0.0010204081632653062,2.0,-0.04345028312392196
Real_Infinity95,0.0,0.0010214504596527069,1,0.0,0.0010204081632653062,141.0,-0.036938821593661395
Real_RobRossi,0.0,0.0010214504596527069,1,0.0,0.0010204081632653062,1695.0,0.035858381413712156
Realblack022,0.0,0.0,2,0.0,0.0020408163265306124,6.0,-0.23491267432999274
RecAustralia,0.0,0.0,5,22.0,0.00510204081632653,231.0,0.3877233663280115
Redlizzy1,0.0,0.0,2,0.0,0.0020408163265306124,25.0,-0.2340226184373672
ReidLaymance,0.0,0.0,1,2.0,0.0010204081632653062,0.0,-0.276527225133098
RenWet,0.0,0.0,2,0.0,0.0020408163265306124,1.0,-0.2351468995648942
Reuters,0.0,0.0,2,8.0,0.0020408163265306124,0.0,-0.09573789789079787
ReutersIndia,0.0,0.0,2,0.0,0.0020408163265306124,6235.0,0.05688512331024517
Revolvermag,0.0,0.0,5,19.0,0.00510204081632653,2315.0,0.433052501714536
RirinMiss,0.0,0.0010214504596527069,1,0.0,0.0010204081632653062,0.0,-0.043543973217882545
Rivonne10,0.0,0.0010214504596527069,1,0.0,0.0010204081632653062,49.0,-0.041248565915848245
RoDCelaya,0.0,0.0010214504596527069,1,0.0,0.0010204081632653062,6.0,-0.0432629029360008
RockCheetah,0.0,0.0,2,0.0,0.0020408163265306124,460.0,-0.21364502300094024
Rom_TAlan,0.0,0.0,2,0.0,0.0020408163265306124,102.0,-0.2304155498198847
RubenAlex97,0.0,0.0010214504596527069,1,0.0,0.0010204081632653062,10.0,-0.04307552274807963
RuddyReport,0.0,0.0010214504596527069,1,0.0,0.0010204081632653062,23.0,-0.042466537137335836
RussianEmbassyC,0.0,0.0,3,8.0,0.003061224489795918,253.0,-0.007688658803291407
S,0.0,0.0,1,1.0,0.0010204081632653062,0.0,-0.2939592059732326
SBNation,0.0,0.0,29,164.0,0.02959183673469388,5243.0,4.9265906339281695
SCSD_HSW,0.0,0.0020429009193054137,2,0.0,0.0020408163265306124,9.0,0.3009222880019174
SF9Singapore,0.0,0.0,1,1.0,0.0010204081632653062,0.0,-0.2939592059732326
SHM2024,0.0,0.0,2,0.0,0.0020408163265306124,0.0,-0.23519374461187453
SKuemy,0.0,0.0010214504596527069,1,0.0,0.0010204081632653062,486.0,-0.0207772803854607
SM_NCT,0.0,0.0,1,8.0,0.0010204081632653062,0.0,-0.1719353400922905
SNFonNBC,0.0,0.0,1,7.0,0.0010204081632653062,0.0,-0.1893673209324251
SPORTTAPE,0.0,0.0020429009193054137,2,0.0,0.0020408163265306124,115.0,0.30588786298182835
SShall57,0.0,0.0,2,0.0,0.0020408163265306124,5.0,-0.23495951937697307
SachaAzcona,0.0,0.0030643513789581204,3,0.0,0.003061224489795918,97.0,0.6490893079331603
SafetyCutie,0.0,0.0,2,0.0,0.0020408163265306124,10.0,-0.2347252941420716
SafetyhttpstcoVrrOsAzMrJgovcso,0.0,0.0,2,7.0,0.0020408163265306124,0.0,-0.11316987873093244
Sammiie24J,0.0,0.0010214504596527069,1,0.0,0.0010204081632653062,0.0,-0.043543973217882545
SamuelDavis__,0.0,0.0010214504596527069,1,0.0,0.0010204081632653062,3.0,-0.04340343807694168
SaraHasAMission,0.0,0.0010214504596527069,1,0.0,0.0010204081632653062,50.0,-0.04120172086886796
ScottishBF,0.0,0.0010214504596527069,1,0.0,0.0010204081632653062,16.0,-0.04279445246619788
SeanFAQ,0.0,0.0,2,0.0,0.0020408163265306124,97.0,-0.23064977505478618
Seli_nursadiah,0.0,0.0010214504596527069,1,0.0,0.0010204081632653062,0.0,-0.043543973217882545
Seun_MsAmazing,0.0,0.0,1,3.0,0.0010204081632653062,0.0,-0.25909524429296343
Shareaholic,0.0,0.0,1,0.0,0.0010204081632653062,0.0,-0.3113911868133672
ShaunWhite,0.0,0.0,1,7.0,0.0010204081632653062,0.0,-0.1893673209324251
SheaRacing,0.0,0.0020429009193054137,2,0.0,0.0020408163265306124,284.0,0.3138046759214977
Sheasy64,0.0,0.0030643513789581204,3,0.0,0.003061224489795918,2.0,0.6446390284700326
ShetlandCollege,0.0,0.0,1,7.0,0.0010204081632653062,0.0,-0.1893673209324251
ShetlandLibrary,0.0,0.0,1,7.0,0.0010204081632653062,0.0,-0.1893673209324251
ShetlandPolice,0.0,0.0,1,7.0,0.0010204081632653062,0.0,-0.1893673209324251
ShetlandYouth,0.0,0.0,1,7.0,0.0010204081632653062,0.0,-0.1893673209324251
ShinA0202,0.0,0.0010214504596527069,1,0.0,0.0010204081632653062,18.0,-0.042700762372237286
Sierra_Janeek,0.0,0.0010214504596527069,1,0.0,0.0010204081632653062,1.0,-0.04349712817090225
SimonPearson16,0.0,0.0010214504596527069,1,0.0,0.0010204081632653062,3.0,-0.04340343807694168
SirLionHeart53,0.0,0.0010214504596527069,1,0.0,0.0010204081632653062,0.0,-0.043543973217882545
SkateShoesRus,0.0,0.0,2,0.0,0.0020408163265306124,1.0,-0.2351468995648942
Sky1876Online,0.0,0.0,1,14.0,0.0010204081632653062,0.0,-0.06734345505148301
SocialINDetroit,0.0,0.0,2,0.0,0.0020408163265306124,698.0,-0.20249590181963079
Social_Media_c4,0.0,0.0,2,0.0,0.0020408163265306124,197.0,-0.225965270356757
SocialfashionNG,0.0,0.0010214504596527069,1,0.0,0.0010204081632653062,50.0,-0.04120172086886796
Sokkaa_RSS,0.0,0.0,2,0.0,0.0020408163265306124,30.0,-0.23378839320246575
SoraKingdomKey3,0.0,0.0,1,2.0,0.0010204081632653062,0.0,-0.276527225133098
SoyCelestehhh,0.0,0.0,2,0.0,0.0020408163265306124,0.0,-0.23519374461187453
SpiritMusicGrp,0.0,0.0010214504596527069,1,0.0,0.0010204081632653062,21.0,-0.04256022723129642
SportByFort,0.0,0.0030643513789581204,3,0.0,0.003061224489795918,77.0,0.6481524069935546
SportsDietAust,0.0,0.0,2,0.0,0.0020408163265306124,191.0,-0.22624634063863874
SportsLearning_,0.0,0.0,2,0.0,0.0020408163265306124,2.0,-0.23510005451791394
SportsRadio_740,0.0,0.0,2,0.0,0.0020408163265306124,5.0,-0.23495951937697307
Sprajy,0.0,0.0,1,5.0,0.0010204081632653062,0.0,-0.22423128261269426
StAnthonysSch,0.0,0.0010214504596527069,3,6.0,0.003061224489795918,2.0,0.2135364863198708
StPatrickB,0.0,0.0010214504596527069,1,0.0,0.0010204081632653062,5.0,-0.04330974798298108
StahlkeDonnie,0.0,0.0010214504596527069,1,0.0,0.0010204081632653062,32.0,-0.042044931714513206
StarCityFSC,0.0,0.0,2,0.0,0.0020408163265306124,0.0,-0.23519374461187453
Star_NG,0.0,0.0,2,15.0,0.0020408163265306124,0.0,0.026285967990144196
Starlight0Lady,0.0,0.0020429009193054137,2,0.0,0.0020408163265306124,0.0,0.3005006825790948
StateDeptDSS,0.0,0.0,3,6.0,0.003061224489795918,30.0,-0.05299906596016565
StephaniePNews,0.0,0.0010214504596527069,1,0.0,0.0010204081632653062,51.0,-0.04115487582188766
Stern_Baird,0.0,0.0,2,0.0,0.0020408163265306124,0.0,-0.23519374461187453
Stralevern,0.0,0.0,2,0.0,0.0020408163265306124,1.0,-0.2351468995648942
SuperBowl,0.0,0.0,1,0.0,0.0010204081632653062,0.0,-0.3113911868133672
SuperiorPlay,0.0,0.0,2,0.0,0.0020408163265306124,4.0,-0.23500636442395334
Syaeva1009,0.0,0.0010214504596527069,1,0.0,0.0010204081632653062,7.0,-0.0432160578890205
TAMMYtaec,0.0,0.0010214504596527069,1,0.0,0.0010204081632653062,4.0,-0.04335659302996138
TCNJDiningServ,0.0,0.0,2,0.0,0.0020408163265306124,8.0,-0.23481898423603215
TIME,0.0,0.0,5,65.0,0.00510204081632653,0.0,1.1264773366013512
TMSreport,0.0,0.0020429009193054137,2,0.0,0.0020408163265306124,0.0,0.3005006825790948
TRUSTLINKCOIN,0.0,0.0010214504596527069,1,0.0,0.0010204081632653062,0.0,-0.043543973217882545
TTae21,0.0,0.0010214504596527069,1,0.0,0.0010204081632653062,0.0,-0.043543973217882545
Taecyeon_Today,0.0,0.0,6,41.0,0.006122448979591836,0.0,0.7843072386396139
TampaHomes4You,0.0,0.0010214504596527069,1,0.0,0.0010204081632653062,0.0,-0.043543973217882545
TannerConrad,0.0,0.0010214504596527069,1,0.0,0.0010204081632653062,6.0,-0.0432629029360008
TeamCanada,0.0,0.0,2,5.0,0.0020408163265306124,0.0,-0.1480338404112016
TeamFantasyDraf,0.0,0.0,2,0.0,0.0020408163265306124,38.0,-0.23341363282662342
TeamGB,0.0,0.0,2,8.0,0.0020408163265306124,0.0,-0.09573789789079787
TeamUSA,0.0,0.0,5,24.0,0.00510204081632653,0.0,0.4117661221558333
TechHive,0.0,0.0,1,1.0,0.0010204081632653062,0.0,-0.2939592059732326
TelegraphSport,0.0,0.0,3,6.0,0.003061224489795918,2613.0,0.06800169038992823
TexasScience,0.0,0.0010214504596527069,1,0.0,0.0010204081632653062,178.0,-0.03520555485539059
ThatsSoNotChill,0.0,0.0,2,0.0,0.0020408163265306124,23.0,-0.2341163085313278
TheBoydP,0.0,0.0,1,8.0,0.0010204081632653062,0.0,-0.1719353400922905
TheBrassTapWC,0.0,0.0,1,0.0,0.0010204081632653062,0.0,-0.3113911868133672
TheDroneTrainer,0.0,0.0,2,0.0,0.0020408163265306124,62.0,-0.23228935169909642
TheNew93Q,0.0,0.0,2,0.0,0.0020408163265306124,147.0,-0.2283075227057716
TheSundopin,0.0,0.0,1,7.0,0.0010204081632653062,0.0,-0.1893673209324251
The_Lyon_Kingg,0.0,0.0,2,0.0,0.0020408163265306124,5.0,-0.23495951937697307
Thehinafreak,0.0,0.0010214504596527069,1,0.0,0.0010204081632653062,3.0,-0.04340343807694168
Thomasfrombrum,0.0,0.0010214504596527069,1,0.0,0.0010204081632653062,24.0,-0.04241969209035554
Timothy007A,0.0,0.0010214504596527069,1,0.0,0.0010204081632653062,157.0,-0.03618930084197673
TinyHomesRule,0.0,0.0,2,0.0,0.0020408163265306124,67.0,-0.23205512646419496
ToddJDavey,0.0,0.0,1,7.0,0.0010204081632653062,0.0,-0.1893673209324251
TomRodgersNews,0.0,0.0,1,7.0,0.0010204081632653062,0.0,-0.1893673209324251
TongaUpdates,0.0,0.0,1,6.0,0.0010204081632653062,0.0,-0.20679930177255967
ToyotaPlace,0.0,0.0,2,0.0,0.0020408163265306124,8.0,-0.23481898423603215
True_Canuck1,0.0,0.0,1,6.0,0.0010204081632653062,0.0,-0.20679930177255967
Twins,0.0,0.0,1,0.0,0.0010204081632653062,0.0,-0.3113911868133672
UKLabour,0.0,0.0,2,0.0,0.0020408163265306124,0.0,-0.23519374461187453
USParalympics,0.0,0.0,1,8.0,0.0010204081632653062,0.0,-0.1719353400922905
US_funds_terror,0.0,0.0010214504596527069,1,0.0,0.0010204081632653062,55.0,-0.0409674956339665
UTAustin,0.0,0.0,1,0.0,0.0010204081632653062,0.0,-0.3113911868133672
Ubisoft,0.0,0.0,1,7.0,0.0010204081632653062,0.0,-0.1893673209324251
VIPortalINC,0.0,0.0,2,0.0,0.0020408163265306124,25.0,-0.2340226184373672
VaultsOpen,0.0,0.0010214504596527069,1,0.0,0.0010204081632653062,70.0,-0.04026481992926212
VictorSharma12,0.0,0.0010214504596527069,1,0.0,0.0010204081632653062,3.0,-0.04340343807694168
VictoriaBanvil2,0.0,0.0010214504596527069,1,0.0,0.0010204081632653062,11.0,-0.04302867770109933
VilledeGrenoble,0.0,0.0,1,7.0,0.0010204081632653062,0.0,-0.1893673209324251
VonaLarsen,0.0,0.0,2,0.0,0.0020408163265306124,2.0,-0.23510005451791394
WESH,0.0,0.0,2,0.0,0.0020408163265306124,1808.0,-0.15049789967150684
WILLIAM46496127,0.0,0.0010214504596527069,1,0.0,0.0010204081632653062,0.0,-0.043543973217882545
WS_Newz,0.0,0.0,4,9.0,0.004081632653061225,67.0,0.07722758550000157
WagerTalk,0.0,0.0,4,14.0,0.004081632653061225,178.0,0.16958728991548688
WakeUpPHCity,0.0,0.0,3,7.0,0.003061224489795918,611.0,-0.008350112824481476
Warchildsghost,0.0,0.0,1,7.0,0.0010204081632653062,0.0,-0.1893673209324251
WashingtonPost,0.0,0.0,1,0.0,0.0010204081632653062,0.0,-0.3113911868133672
WeRubYou,0.0,0.0,2,0.0,0.0020408163265306124,13.0,-0.23458475900113074
WebMoneyNetwork,0.0,0.0010214504596527069,1,0.0,0.0010204081632653062,87.0,-0.03946845413059716
Weissroy0,0.0,0.0,2,0.0,0.0020408163265306124,5.0,-0.23495951937697307
WestAHA2014,0.0,0.0,1,1.0,0.0010204081632653062,0.0,-0.2939592059732326
WiFi_NY,0.0,0.0010214504596527069,1,0.0,0.0010204081632653062,65.0,-0.04049904516416357
WiStateJournal,0.0,0.0,1,0.0,0.0010204081632653062,0.0,-0.3113911868133672
WilderShaw_,0.0,0.0,2,0.0,0.0020408163265306124,11.0,-0.23467844909509128
WitchuntSwamp,0.0,0.0010214504596527069,1,0.0,0.0010204081632653062,8.0,-0.043169212842040214
WonderWorkshop,0.0,0.0,1,4.0,0.0010204081632653062,0.0,-0.24166326345282885
WondermomWannab,0.0,0.0,3,13.0,0.003061224489795918,0.0,0.06761944851136764
WriteIntoPrint,0.0,0.0,3,8.0,0.003061224489795918,2619.0,0.10314672235207914
XiuminLove17,0.0,0.0010214504596527069,1,0.0,0.0010204081632653062,0.0,-0.043543973217882545
Xphhhonnimuu,0.0,0.0020429009193054137,2,0.0,0.0020408163265306124,0.0,0.3005006825790948
XxThaTankkxX,0.0,0.0010214504596527069,1,0.0,0.0010204081632653062,1.0,-0.04349712817090225
YamashitaRyan,0.0,0.0,2,0.0,0.0020408163265306124,1.0,-0.2351468995648942
YoonseokMochi,0.0,0.0020429009193054137,2,0.0,0.0020408163265306124,0.0,0.3005006825790948
YouTube,0.0,0.0,7,24.0,0.007142857142857143,0.0,0.5641610065588186
YoungVelis,0.0,0.0010214504596527069,1,0.0,0.0010204081632653062,7.0,-0.0432160578890205
YourGACountry,0.0,0.0,2,0.0,0.0020408163265306124,10.0,-0.2347252941420716
YukiNieve,0.0,0.0,1,4.0,0.0010204081632653062,0.0,-0.24166326345282885
ZDohn,0.0,0.0010214504596527069,1,0.0,0.0010204081632653062,0.0,-0.043543973217882545
ZainaMurphy,0.0,0.0010214504596527069,1,0.0,0.0010204081632653062,2.0,-0.04345028312392196
_ElizabethWyman,0.0,0.0,1,3.0,0.0010204081632653062,0.0,-0.25909524429296343
_FrankDesign,0.0,0.0,1,6.0,0.0010204081632653062,0.0,-0.20679930177255967
_Joebot,0.0,0.0,2,0.0,0.0020408163265306124,6.0,-0.23491267432999274
_SeanTyler_,0.0,0.0010214504596527069,1,0.0,0.0010204081632653062,11.0,-0.04302867770109933
_dpaj,0.0,0.0010214504596527069,3,0.0,0.003061224489795918,394.0,0.1273078596953377
_jackfreeman,0.0,0.0,1,3.0,0.0010204081632653062,0.0,-0.25909524429296343
_officiallykiko,0.0,0.0010214504596527069,1,0.0,0.0010204081632653062,4.0,-0.04335659302996138
_shaunmurphy422,0.0,0.0010214504596527069,1,0.0,0.0010204081632653062,1.0,-0.04349712817090225
abstractnytimes,0.0,0.0,2,0.0,0.0020408163265306124,21.0,-0.23420999862528835
acstone32,0.0,0.0010214504596527069,1,0.0,0.0010204081632653062,1.0,-0.04349712817090225
adamDschultz,0.0,0.0010214504596527069,1,0.0,0.0010204081632653062,2.0,-0.04345028312392196
aegyoahjussi,0.0,0.0010214504596527069,1,0.0,0.0010204081632653062,2.0,-0.04345028312392196
africaupdates,0.0,0.0010214504596527069,1,0.0,0.0010204081632653062,547.0,-0.017919732519662904
ahmad31789992,0.0,0.0010214504596527069,1,0.0,0.0010204081632653062,0.0,-0.043543973217882545
aim_b2uty,0.0,0.0010214504596527069,1,0.0,0.0010204081632653062,1.0,-0.04349712817090225
akamaiyk,0.0,0.0010214504596527069,1,0.0,0.0010204081632653062,0.0,-0.043543973217882545
alexipappas,0.0,0.0,4,16.0,0.004081632653061225,0.0,0.19611283323326406
alexnpress,0.0,0.0,5,19.0,0.00510204081632653,324.0,0.339784013176775
alicloak,0.0,0.0,2,0.0,0.0020408163265306124,36.0,-0.23350732292058402
allknowing67,0.0,0.0,2,0.0,0.0020408163265306124,1200.0,-0.1789796882355243
allyjung,0.0,0.0,2,12.0,0.0020408163265306124,0.0,-0.026009974530259536
amandabiathlon1,0.0,0.0,1,0.0,0.0010204081632653062,0.0,-0.3113911868133672
amandacdykes,0.0,0.0,1,4.0,0.0010204081632653062,0.0,-0.24166326345282885
aminusfu_drip,0.0,0.0010214504596527069,1,0.0,0.0010204081632653062,2.0,-0.04345028312392196
ammattipyoraily,0.0,0.0,3,4.0,0.003061224489795918,531.0,-0.0643936591033086
angelijka8,0.0,0.0010214504596527069,1,0.0,0.0010204081632653062,15.0,-0.04284129751317817
angelilycy,0.0,0.0020429009193054137,2,0.0,0.0020408163265306124,0.0,0.3005006825790948
angelsteph,0.0,0.0,2,0.0,0.0020408163265306124,156.0,-0.227885917282949
angstaekwoon,0.0,0.0010214504596527069,1,0.0,0.0010204081632653062,12.0,-0.04298183265411905
annarbornews,0.0,0.0,2,0.0,0.0020408163265306124,988.0,-0.18891083819534615
anoopkular,0.0,0.0010214504596527069,1,0.0,0.0010204081632653062,317.0,-0.028694093325130024
ansera01,0.0,0.0010214504596527069,1,0.0,0.0010204081632653062,0.0,-0.043543973217882545
antidopaje,0.0,0.0020429009193054137,2,0.0,0.0020408163265306124,5.0,0.30073490781399626
apak_kapa,0.0,0.0010214504596527069,1,0.0,0.0010204081632653062,0.0,-0.043543973217882545
aqsibbkrishang,0.0,0.0010214504596527069,1,0.0,0.0010204081632653062,0.0,-0.043543973217882545
arachmadiva,0.0,0.0010214504596527069,1,0.0,0.0010204081632653062,0.0,-0.043543973217882545
arollingbeauty,0.0,0.0010214504596527069,1,0.0,0.0010204081632653062,14.0,-0.04288814256015845
artsmiller,0.0,0.0010214504596527069,1,0.0,0.0010204081632653062,11.0,-0.04302867770109933
atenea1666,0.0,0.0010214504596527069,1,0.0,0.0010204081632653062,52.0,-0.041108030774907364
awet_nihafash,0.0,0.0,3,7.0,0.003061224489795918,48.0,-0.03472387427438581
awitter50,0.0,0.0010214504596527069,1,0.0,0.0010204081632653062,10.0,-0.04307552274807963
ayurastianii_,0.0,0.0010214504596527069,1,0.0,0.0010204081632653062,0.0,-0.043543973217882545
azalean_fe,0.0,0.0010214504596527069,1,0.0,0.0010204081632653062,8.0,-0.043169212842040214
azwildcatsfan,0.0,0.0010214504596527069,1,0.0,0.0010204081632653062,22.0,-0.04251338218431612
bakermind,0.0,0.0,1,0.0,0.0010204081632653062,0.0,-0.3113911868133672
baobobaek,0.0,0.0,10,69.0,0.01020408163265306,0.0,1.5771924709693526
barbhastings2,0.0,0.0,2,0.0,0.0020408163265306124,7.0,-0.23486582928301247
barry2tone,0.0,0.007150153217568948,7,0.0,0.007142857142857143,0.0,2.020723961563981
bbcsport,0.0,0.0,2,0.0,0.0020408163265306124,0.0,-0.23519374461187453
bcordrey60,0.0,0.0010214504596527069,1,0.0,0.0010204081632653062,0.0,-0.043543973217882545
bdnews24,0.0,0.0,2,0.0,0.0020408163265306124,534.0,-0.21017848952439866
bevewake,0.0,0.0,3,7.0,0.003061224489795918,121.0,-0.0313041858448245
bharley71,0.0,0.0010214504596527069,1,0.0,0.0010204081632653062,10.0,-0.04307552274807963
biagekiakaku,0.0,0.0,2,0.0,0.0020408163265306124,0.0,-0.23519374461187453
biathlonworld,0.0,0.0,1,0.0,0.0010204081632653062,0.0,-0.3113911868133672
blue_skx,0.0,0.0010214504596527069,1,0.0,0.0010204081632653062,26.0,-0.042326001996394955
bookies_online,0.0,0.0010214504596527069,1,0.0,0.0010204081632653062,15.0,-0.04284129751317817
bornon4ofjuly,0.0,0.0010214504596527069,1,0.0,0.0010204081632653062,1.0,-0.04349712817090225
bppenny,0.0,0.0010214504596527069,1,0.0,0.0010204081632653062,90.0,-0.03932791898965628
bradentonherald,0.0,0.0,2,0.0,0.0020408163265306124,495.0,-0.21200544635663005
bruce_arthur,0.0,0.0,3,5.0,0.003061224489795918,3217.0,0.0788641179258899
buexecution,0.0,0.0,2,0.0,0.0020408163265306124,26.0,-0.23397577339038694
bunnypink10127,0.0,0.0010214504596527069,1,0.0,0.0010204081632653062,0.0,-0.043543973217882545
c21select,0.0,0.0,1,1.0,0.0010204081632653062,0.0,-0.2939592059732326
callllvin,0.0,0.0010214504596527069,1,0.0,0.0010204081632653062,4.0,-0.04335659302996138
cbrittsuccess,0.0,0.0,1,1.0,0.0010204081632653062,0.0,-0.2939592059732326
cezook_zook,0.0,0.0010214504596527069,1,0.0,0.0010204081632653062,17.0,-0.042747607419217584
cgnetwork,0.0,0.0,2,0.0,0.0020408163265306124,273.0,-0.22240504678625483
chalanlexi,0.0,0.0010214504596527069,1,0.0,0.0010204081632653062,31.0,-0.04209177676149349
change_es,0.0,0.0,1,0.0,0.0010204081632653062,0.0,-0.3113911868133672
chanxiuyeolmin,0.0,0.0010214504596527069,1,0.0,0.0010204081632653062,1.0,-0.04349712817090225
charin_natasha,0.0,0.0010214504596527069,1,0.0,0.0010204081632653062,1.0,-0.04349712817090225
chicagotribune,0.0,0.0,2,14.0,0.0020408163265306124,0.0,0.008853987150009637
chimfansite,0.0,0.0,1,5.0,0.0010204081632653062,0.0,-0.22423128261269426
chuy_solano6,0.0,0.0,1,0.0,0.0010204081632653062,0.0,-0.3113911868133672
cleorixy,0.0,0.0010214504596527069,1,0.0,0.0010204081632653062,0.0,-0.043543973217882545
clickclickclick,0.0,0.0,2,0.0,0.0020408163265306124,428.0,-0.21514406450430962
clousemouse,0.0,0.0,2,0.0,0.0020408163265306124,5.0,-0.23495951937697307
cnnbrk,0.0,0.0,1,9.0,0.0010204081632653062,0.0,-0.15450335925215591
cnnsport,0.0,0.0,1,8.0,0.0010204081632653062,0.0,-0.1719353400922905
cnnsuxx,0.0,0.0010214504596527069,1,0.0,0.0010204081632653062,68.0,-0.0403585100232227
coleb86,0.0,0.0,2,0.0,0.0020408163265306124,43.0,-0.23317940759172195
conci66aa,0.0,0.0010214504596527069,1,0.0,0.0010204081632653062,2.0,-0.04345028312392196
corbangw14,0.0,0.0010214504596527069,1,0.0,0.0010204081632653062,4.0,-0.04335659302996138
cristiller,0.0,0.0010214504596527069,1,0.0,0.0010204081632653062,35.0,-0.041904396573572325
crystalcyphers,0.0,0.0,3,16.0,0.003061224489795918,0.0,0.1199153910317714
curtiszupke,0.0,0.0020429009193054137,3,1.0,0.003061224489795918,403.0,0.4130086595537796
cvwlibrary,0.0,0.0,2,0.0,0.0020408163265306124,12.0,-0.234631604048111
dailyburn,0.0,0.0,1,2.0,0.0010204081632653062,0.0,-0.276527225133098
daling0213,0.0,0.0010214504596527069,1,0.0,0.0010204081632653062,0.0,-0.043543973217882545
damkup,0.0,0.0010214504596527069,1,0.0,0.0010204081632653062,79.0,-0.03984321450643949
damnpam_d,0.0,0.0,2,0.0,0.0020408163265306124,4.0,-0.23500636442395334
danconrad54,0.0,0.0,2,0.0,0.0020408163265306124,4.0,-0.23500636442395334
dankmaths,0.0,0.0010214504596527069,1,0.0,0.0010204081632653062,14.0,-0.04288814256015845
daphnevandorn,0.0,0.0010214504596527069,1,0.0,0.0010204081632653062,3.0,-0.04340343807694168
darrenfonc,0.0,0.0010214504596527069,1,0.0,0.0010204081632653062,13.0,-0.04293498760713875
davefbarden,0.0,0.0010214504596527069,1,0.0,0.0010204081632653062,19.0,-0.042653917325257
davelucas,0.0,0.0010214504596527069,1,0.0,0.0010204081632653062,174.0,-0.03539293504331177
davidfisher08,0.0,0.0,1,0.0,0.0010204081632653062,0.0,-0.3113911868133672
davidgcant,0.0,0.0,4,13.0,0.004081632653061225,1057.0,0.1933321053710288
davidwaserstein,0.0,0.0,2,0.0,0.0020408163265306124,31.0,-0.23374154815548548
ddamato88,0.0,0.0010214504596527069,1,0.0,0.0010204081632653062,53.0,-0.04106118572792708
deduped_nytimes,0.0,0.0010214504596527069,1,0.0,0.0010204081632653062,28.0,-0.04223231190243437
deolujames,0.0,0.0010214504596527069,1,0.0,0.0010204081632653062,69.0,-0.0403116649762424
digiday,0.0,0.0,1,0.0,0.0010204081632653062,0.0,-0.3113911868133672
dimplesmonster,0.0,0.0010214504596527069,1,0.0,0.0010204081632653062,14.0,-0.04288814256015845
diodio0013tw,0.0,0.0,6,24.0,0.006122448979591836,0.0,0.4879635643573259
dlogan,0.0,0.0,1,0.0,0.0010204081632653062,0.0,-0.3113911868133672
dlynnesampson,0.0,0.0,1,7.0,0.0010204081632653062,0.0,-0.1893673209324251
dotuncoker,0.0,0.0010214504596527069,1,0.0,0.0010204081632653062,14.0,-0.04288814256015845
dougeldridge,0.0,0.0,1,7.0,0.0010204081632653062,0.0,-0.1893673209324251
dougmorrisgames,0.0,0.0020429009193054137,2,0.0,0.0020408163265306124,64.0,0.30349876558583344
droneclash,0.0,0.0010214504596527069,1,0.0,0.0010204081632653062,1.0,-0.04349712817090225
duplexdiner,0.0,0.0,2,0.0,0.0020408163265306124,74.0,-0.2317272111353329
dwtspecial,0.0,0.0010214504596527069,1,0.0,0.0010204081632653062,36.0,-0.04185755152659204
dyllpickleee,0.0,0.0010214504596527069,1,0.0,0.0010204081632653062,4.0,-0.04335659302996138
earl_shauna,0.0,0.0,2,0.0,0.0020408163265306124,0.0,-0.23519374461187453
ecasey77,0.0,0.0010214504596527069,1,0.0,0.0010204081632653062,176.0,-0.035299244949351175
ehu,0.0,0.0,1,7.0,0.0010204081632653062,0.0,-0.1893673209324251
elizamalteser,0.0,0.0010214504596527069,1,0.0,0.0010204081632653062,6.0,-0.0432629029360008
emf1947,0.0,0.0010214504596527069,1,0.0,0.0010204081632653062,9.0,-0.043122367795059915
enewsall,0.0,0.0,2,0.0,0.0020408163265306124,1.0,-0.2351468995648942
erythleuko,0.0,0.0010214504596527069,1,0.0,0.0010204081632653062,0.0,-0.043543973217882545
esaldivarb,0.0,0.0010214504596527069,1,0.0,0.0010204081632653062,15.0,-0.04284129751317817
este_marquez,0.0,0.0010214504596527069,1,0.0,0.0010204081632653062,8.0,-0.043169212842040214
eugenegu,0.0,0.0,1,0.0,0.0010204081632653062,0.0,-0.3113911868133672
euronews,0.0,0.0,1,0.0,0.0010204081632653062,0.0,-0.3113911868133672
eveslatte,0.0,0.0020429009193054137,2,0.0,0.0020408163265306124,0.0,0.3005006825790948
exol_chogiwa,0.0,0.0020429009193054137,2,0.0,0.0020408163265306124,0.0,0.3005006825790948
exoluvsehun,0.0,0.0010214504596527069,1,0.0,0.0010204081632653062,2.0,-0.04345028312392196
fangirlsports,0.0,0.0,2,0.0,0.0020408163265306124,3.0,-0.2350532094709336
farah_anin19,0.0,0.0010214504596527069,1,0.0,0.0010204081632653062,1.0,-0.04349712817090225
farfel54,0.0,0.0010214504596527069,1,0.0,0.0010204081632653062,773.0,-0.007332751902116949
felice69gallico,0.0,0.0010214504596527069,1,0.0,0.0010204081632653062,8.0,-0.043169212842040214
femmephilo,0.0,0.0010214504596527069,1,0.0,0.0010204081632653062,0.0,-0.043543973217882545
florianburgaud,0.0,0.0010214504596527069,1,0.0,0.0010204081632653062,236.0,-0.03248854213053366
flurryjongin,0.0,0.0,1,0.0,0.0010204081632653062,0.0,-0.3113911868133672
fourptzero,0.0,0.0,2,0.0,0.0020408163265306124,57.0,-0.2325235769339979
frederick_516,0.0,0.0020429009193054137,2,0.0,0.0020408163265306124,2.0,0.30059437267305533
frida1998,0.0,0.0020429009193054137,2,0.0,0.0020408163265306124,1.0,0.30054752762607506
funrunner20,0.0,0.0,2,0.0,0.0020408163265306124,7.0,-0.23486582928301247
galaxyjimin27,0.0,0.0010214504596527069,1,0.0,0.0010204081632653062,6.0,-0.0432629029360008
gameshownewsnet,0.0,0.0,1,7.0,0.0010204081632653062,0.0,-0.1893673209324251
gaystarnews,0.0,0.0,2,15.0,0.0020408163265306124,0.0,0.026285967990144196
gaytourism,0.0,0.0,2,0.0,0.0020408163265306124,209.0,-0.22540312979299348
gazettedotcom,0.0,0.0010214504596527069,1,0.0,0.0010204081632653062,729.0,-0.009393933969249785
gazettevisuals,0.0,0.0010214504596527069,1,0.0,0.0010204081632653062,19.0,-0.042653917325257
gbparkandpipe,0.0,0.0,1,5.0,0.0010204081632653062,0.0,-0.22423128261269426
gduncanphotog,0.0,0.0010214504596527069,1,0.0,0.0010204081632653062,0.0,-0.043543973217882545
georgebaily,0.0,0.0,2,0.0,0.0020408163265306124,117.0,-0.22971287411518038
georgeofman,0.0,0.0,1,7.0,0.0010204081632653062,0.0,-0.1893673209324251
gerva78005821,0.0,0.0010214504596527069,1,0.0,0.0010204081632653062,0.0,-0.043543973217882545
gillanggao_jady,0.0,0.0010214504596527069,1,0.0,0.0010204081632653062,0.0,-0.043543973217882545
gingot1,0.0,0.0010214504596527069,1,0.0,0.0010204081632653062,32.0,-0.042044931714513206
gizmodo,0.0,0.0,1,0.0,0.0010204081632653062,0.0,-0.3113911868133672
grantbutvinnvv8,0.0,0.0,2,0.0,0.0020408163265306124,2.0,-0.23510005451791394
graysya_,0.0,0.0010214504596527069,1,0.0,0.0010204081632653062,0.0,-0.043543973217882545
greengroundit,0.0,0.0,2,0.0,0.0020408163265306124,2.0,-0.23510005451791394
grieco_77,0.0,0.0010214504596527069,1,0.0,0.0010204081632653062,0.0,-0.043543973217882545
gtakselsvindal,0.0,0.0,1,6.0,0.0010204081632653062,0.0,-0.20679930177255967
gwinniejones,0.0,0.0010214504596527069,1,0.0,0.0010204081632653062,150.0,-0.036517216170838765
hali_wilkinson,0.0,0.0,2,0.0,0.0020408163265306124,2.0,-0.23510005451791394
hangorinnokai,0.0,0.0,2,14.0,0.0020408163265306124,0.0,0.008853987150009637
harriscsmith,0.0,0.0010214504596527069,1,0.0,0.0010204081632653062,23.0,-0.042466537137335836
hautahbuhgee,0.0,0.0010214504596527069,1,0.0,0.0010204081632653062,725.0,-0.00958131415717095
helenenothelen,0.0,0.0030643513789581204,3,0.0,0.003061224489795918,1680.0,0.7232450173029624
helenenothelenwho,0.0,0.0,2,1.0,0.0020408163265306124,0.0,-0.21776176377173995
hewitt_riri,0.0,0.006128702757916241,7,0.0,0.007142857142857143,12.0,1.7534388885322598
hightechsigns,0.0,0.0,2,0.0,0.0020408163265306124,7.0,-0.23486582928301247
hillviewreads,0.0,0.0,1,4.0,0.0010204081632653062,0.0,-0.24166326345282885
hl4lt,0.0,0.0010214504596527069,1,0.0,0.0010204081632653062,11.0,-0.04302867770109933
hobyblo,0.0,0.0,2,16.0,0.0020408163265306124,0.0,0.04371794883027878
hr_rasmussen,0.0,0.0,2,0.0,0.0020408163265306124,11.0,-0.23467844909509128
httpstcodhTcvMsbNbMiguelnbc,0.0,0.0,7,31.0,0.007142857142857143,0.0,0.6861848724397607
hunthertornado,0.0,0.0010214504596527069,1,0.0,0.0010204081632653062,2411.0,0.06939943505160112
iDame2Please,0.0,0.0010214504596527069,1,0.0,0.0010204081632653062,29.0,-0.04218546685545409
iPRESIDIUM,0.0,0.0,2,0.0,0.0020408163265306124,34.0,-0.23360101301454456
iTortureYou,0.0,0.0010214504596527069,1,0.0,0.0010204081632653062,3.0,-0.04340343807694168
iamvega1982,0.0,0.0010214504596527069,1,0.0,0.0010204081632653062,192.0,-0.03454972419766651
ignotofsky,0.0,0.0010214504596527069,1,0.0,0.0010204081632653062,104.0,-0.0386720883319322
igotyourhomebev,0.0,0.0010214504596527069,1,0.0,0.0010204081632653062,0.0,-0.043543973217882545
ilovepomskies,0.0,0.0,2,0.0,0.0020408163265306124,1.0,-0.2351468995648942
intel,0.0,0.0,3,21.0,0.003061224489795918,0.0,0.20707529523244436
isioma98,0.0,0.0010214504596527069,1,0.0,0.0010204081632653062,2.0,-0.04345028312392196
istanfor_bts,0.0,0.0010214504596527069,1,0.0,0.0010204081632653062,0.0,-0.043543973217882545
itsshsuth,0.0,0.0,1,0.0,0.0010204081632653062,0.0,-0.3113911868133672
jackreid,0.0,0.0,2,0.0,0.0020408163265306124,42.0,-0.23322625263870223
jamay_w,0.0,0.0020429009193054137,2,0.0,0.0020408163265306124,1.0,0.30054752762607506
jamesagberebi,0.0,0.0010214504596527069,1,0.0,0.0010204081632653062,1.0,-0.04349712817090225
jayaitchmac,0.0,0.0,2,0.0,0.0020408163265306124,14.0,-0.2345379139541504
jaybee230,0.0,0.0010214504596527069,1,0.0,0.0010204081632653062,11.0,-0.04302867770109933
jazbraswell25,0.0,0.0010214504596527069,1,0.0,0.0010204081632653062,1.0,-0.04349712817090225
jdemild_2,0.0,0.0010214504596527069,1,0.0,0.0010204081632653062,1.0,-0.04349712817090225
jdshahani93,0.0,0.0010214504596527069,1,0.0,0.0010204081632653062,20.0,-0.04260707227827672
jeepeg,0.0,0.0,2,0.0,0.0020408163265306124,308.0,-0.22076547014194464
jeffisageek,0.0,0.0010214504596527069,1,0.0,0.0010204081632653062,728.0,-0.00944077901623007
jeonschu,0.0,0.0010214504596527069,1,0.0,0.0010204081632653062,39.0,-0.04171701638565116
jeonwanguk,0.0,0.0010214504596527069,1,0.0,0.0010204081632653062,36.0,-0.04185755152659204
jewishsaintpaul,0.0,0.0,2,0.0,0.0020408163265306124,0.0,-0.23519374461187453
jhamby,0.0,0.0010214504596527069,1,0.0,0.0010204081632653062,925.0,-0.00021230476111257224
jimmyanurak,0.0,0.0010214504596527069,1,0.0,0.0010204081632653062,77.0,-0.03993690460040007
jinfansclub,0.0,0.0010214504596527069,1,0.0,0.0010204081632653062,0.0,-0.043543973217882545
jinminniel,0.0,0.0010214504596527069,1,0.0,0.0010204081632653062,0.0,-0.043543973217882545
jjcrosseu,0.0,0.0,2,0.0,0.0020408163265306124,0.0,-0.23519374461187453
jmhamiltonblog,0.0,0.0010214504596527069,1,0.0,0.0010204081632653062,187.0,-0.034783949432567976
johnwjohnsoniii,0.0,0.0010214504596527069,1,0.0,0.0010204081632653062,8.0,-0.043169212842040214
jondknight,0.0,0.0,2,0.0,0.0020408163265306124,100.0,-0.2305092399138453
jonsongy,0.0,0.0010214504596527069,1,0.0,0.0010204081632653062,18.0,-0.042700762372237286
joshrogin,0.0,0.0,7,26.0,0.007142857142857143,3439.0,0.7601250848043115
jramongilgarcia,0.0,0.0010214504596527069,1,0.0,0.0010204081632653062,226.0,-0.03295699260033659
jriegss,0.0,0.0010214504596527069,1,0.0,0.0010204081632653062,6.0,-0.0432629029360008
jrleem,0.0,0.0010214504596527069,1,0.0,0.0010204081632653062,5.0,-0.04330974798298108
jsett49,0.0,0.0010214504596527069,1,0.0,0.0010204081632653062,0.0,-0.043543973217882545
judymorris3,0.0,0.0,2,0.0,0.0020408163265306124,357.0,-0.21847006283991033
juliezisman,0.0,0.0010214504596527069,1,0.0,0.0010204081632653062,511.0,-0.019606154210953408
jung___kookieee,0.0,0.0010214504596527069,1,0.0,0.0010204081632653062,0.0,-0.043543973217882545
justseaforyou,0.0,0.0,2,0.0,0.0020408163265306124,0.0,-0.23519374461187453
kangdanielpd101,0.0,0.0,3,20.0,0.003061224489795918,0.0,0.18964331439230972
kannno_t,0.0,0.0010214504596527069,1,0.0,0.0010204081632653062,17.0,-0.042747607419217584
karinmckenny,0.0,0.0010214504596527069,1,0.0,0.0010204081632653062,5.0,-0.04330974798298108
kasubo,0.0,0.0,2,0.0,0.0020408163265306124,8.0,-0.23481898423603215
kat326,0.0,0.0,2,14.0,0.0020408163265306124,0.0,0.008853987150009637
katakawayuu,0.0,0.0010214504596527069,1,0.0,0.0010204081632653062,0.0,-0.043543973217882545
kavitakapoor,0.0,0.0010214504596527069,1,0.0,0.0010204081632653062,77.0,-0.03993690460040007
kawaiicovergirl,0.0,0.0010214504596527069,1,0.0,0.0010204081632653062,19.0,-0.042653917325257
kaycee2nd,0.0,0.0010214504596527069,1,0.0,0.0010204081632653062,12.0,-0.04298183265411905
kdramaking,0.0,0.0,1,7.0,0.0010204081632653062,0.0,-0.1893673209324251
keijitanakas,0.0,0.0,2,11.0,0.0020408163265306124,0.0,-0.04344195537039412
ken_mccray007,0.0,0.0,2,0.0,0.0020408163265306124,41.0,-0.23327309768568255
kia_nailul,0.0,0.0010214504596527069,1,0.0,0.0010204081632653062,0.0,-0.043543973217882545
kidonday,0.0,0.0010214504596527069,1,0.0,0.0010204081632653062,0.0,-0.043543973217882545
kimchibtsv,0.0,0.0010214504596527069,1,0.0,0.0010204081632653062,0.0,-0.043543973217882545
kongniverse,0.0,0.0,2,9.0,0.0020408163265306124,0.0,-0.07830591705066328
koogle_tv,0.0,0.0,2,0.0,0.0020408163265306124,312.0,-0.22057808995402345
krassenstein,0.0,0.0,1,0.0,0.0010204081632653062,0.0,-0.3113911868133672
ksbw,0.0,0.0,2,0.0,0.0020408163265306124,539.0,-0.2099442642894972
kthsna,0.0,0.0010214504596527069,1,0.0,0.0010204081632653062,0.0,-0.043543973217882545
kunoichi_main,0.0,0.0020429009193054137,2,0.0,0.0020408163265306124,0.0,0.3005006825790948
kylespadaro,0.0,0.0010214504596527069,1,0.0,0.0010204081632653062,16.0,-0.04279445246619788
lacer2k,0.0,0.0,2,0.0,0.0020408163265306124,16.0,-0.23444422386018982
lakes1947,0.0,0.0020429009193054137,2,0.0,0.0020408163265306124,65.0,0.30354561063281377
lapagapeo,0.0,0.0010214504596527069,1,0.0,0.0010204081632653062,23.0,-0.042466537137335836
larughh,0.0,0.0,2,0.0,0.0020408163265306124,0.0,-0.23519374461187453
latimessports,0.0,0.0,2,1.0,0.0020408163265306124,0.0,-0.21776176377173995
lcisler_baird,0.0,0.0,2,0.0,0.0020408163265306124,3.0,-0.2350532094709336
leftyjennyc,0.0,0.0,1,0.0,0.0010204081632653062,0.0,-0.3113911868133672
lindseyvonn,0.0,0.0,1,0.0,0.0010204081632653062,0.0,-0.3113911868133672
loneriderbeer,0.0,0.0,1,4.0,0.0010204081632653062,0.0,-0.24166326345282885
lookmomimtrash,0.0,0.0010214504596527069,1,0.0,0.0010204081632653062,0.0,-0.043543973217882545
lysuyee,0.0,0.0010214504596527069,1,0.0,0.0010204081632653062,1.0,-0.04349712817090225
m7Chakachan,0.0,0.0010214504596527069,1,0.0,0.0010204081632653062,0.0,-0.043543973217882545
madisondotcom,0.0,0.0,1,7.0,0.0010204081632653062,0.0,-0.1893673209324251
marii19951013,0.0,0.0010214504596527069,1,0.0,0.0010204081632653062,0.0,-0.043543973217882545
mashable,0.0,0.0,3,14.0,0.003061224489795918,0.0,0.08505142935150226
matt_thunder613,0.0,0.0010214504596527069,1,0.0,0.0010204081632653062,1.0,-0.04349712817090225
mayumixmauve,0.0,0.0010214504596527069,1,0.0,0.0010204081632653062,2.0,-0.04345028312392196
mchallamlaw,0.0,0.0010214504596527069,1,0.0,0.0010204081632653062,1523.0,0.02780103333310195
mdrtoyota,0.0,0.0,2,0.0,0.0020408163265306124,95.0,-0.23074346514874677
merna_fm,0.0,0.0,2,0.0,0.0020408163265306124,8.0,-0.23481898423603215
micdropbwii,0.0,0.0010214504596527069,1,0.0,0.0010204081632653062,3.0,-0.04340343807694168
mickeykhun,0.0,0.0010214504596527069,1,0.0,0.0010204081632653062,9.0,-0.043122367795059915
mikaylabarker,0.0,0.0010214504596527069,1,0.0,0.0010204081632653062,5.0,-0.04330974798298108
mikemorganfoto,0.0,0.0010214504596527069,3,4.0,0.003061224489795918,23.0,0.17965627062618778
minmeraki,0.0,0.0,53,325.0,0.05408163265306123,0.0,9.316269580707988
miss_prost,0.0,0.0,1,7.0,0.0010204081632653062,0.0,-0.1893673209324251
mns,0.0,0.0010214504596527069,1,0.0,0.0010204081632653062,40.0,-0.041670171338670875
moniquedhooghe,0.0,0.0010214504596527069,1,0.0,0.0010204081632653062,245.0,-0.03206693670771105
montrAAnderson,0.0,0.0010214504596527069,1,0.0,0.0010204081632653062,0.0,-0.043543973217882545
moosejustrocks,0.0,0.0,1,0.0,0.0010204081632653062,0.0,-0.3113911868133672
morganwick,0.0,0.0010214504596527069,1,0.0,0.0010204081632653062,87.0,-0.03946845413059716
mr_echavez555,0.0,0.0010214504596527069,1,0.0,0.0010204081632653062,1.0,-0.04349712817090225
mrs_viveiros,0.0,0.0010214504596527069,1,0.0,0.0010204081632653062,1.0,-0.04349712817090225
mrsfrcka,0.0,0.0,2,0.0,0.0020408163265306124,27.0,-0.23392892834340662
mrsmalusaSPED,0.0,0.0010214504596527069,1,0.0,0.0010204081632653062,0.0,-0.043543973217882545
ms_ksokolowski,0.0,0.0010214504596527069,1,0.0,0.0010204081632653062,0.0,-0.043543973217882545
mustaaf,0.0,0.0010214504596527069,1,0.0,0.0010204081632653062,0.0,-0.043543973217882545
myfitlifegear,0.0,0.0,2,0.0,0.0020408163265306124,1.0,-0.2351468995648942
mynbc15,0.0,0.0020429009193054137,2,0.0,0.0020408163265306124,563.0,0.32687444402899907
nakarithorpe,0.0,0.0010214504596527069,1,0.0,0.0010204081632653062,56.0,-0.0409206505869862
naname99,0.0,0.0010214504596527069,1,0.0,0.0010204081632653062,15.0,-0.04284129751317817
nancypeggy,0.0,0.0010214504596527069,1,0.0,0.0010204081632653062,95.0,-0.03909369375475483
nataliadebora,0.0,0.0010214504596527069,1,0.0,0.0010204081632653062,9.0,-0.043122367795059915
nbc15_madison,0.0,0.0020429009193054137,2,0.0,0.0020408163265306124,1045.0,0.34945375667349976
nbc25fox66,0.0,0.0,5,22.0,0.00510204081632653,329.0,0.39231418093208015
ncsulilwolf,0.0,0.0030643513789581204,5,4.0,0.00510204081632653,193.0,0.875709240206792
netsumonnanka,0.0,0.0,2,0.0,0.0020408163265306124,1.0,-0.2351468995648942
newsboard_ng,0.0,0.0,2,0.0,0.0020408163265306124,0.0,-0.23519374461187453
newsmax,0.0,0.0,8,53.0,0.00816326530612245,0.0,1.1458858931242142
newspyre360,0.0,0.0,2,0.0,0.0020408163265306124,99.0,-0.23055608496082564
newstellerr,0.0,0.0,2,0.0,0.0020408163265306124,33.0,-0.23364785806152488
night_in_gail,0.0,0.0020429009193054137,2,0.0,0.0020408163265306124,6.0,0.3007817528609765
niosism,0.0,0.0010214504596527069,1,0.0,0.0010204081632653062,4.0,-0.04335659302996138
nlygo,0.0,0.0010214504596527069,1,0.0,0.0010204081632653062,73.0,-0.04012428478832124
notiven,0.0,0.0010214504596527069,1,0.0,0.0010204081632653062,1324.0,0.018478868984023886
nrlnabilahhh,0.0,0.0010214504596527069,1,0.0,0.0010204081632653062,0.0,-0.043543973217882545
nytimes,0.0,0.0,39,256.0,0.03979591836734694,194474.0,16.156842378363084
nzaccardi,0.0,0.0,1,7.0,0.0010204081632653062,0.0,-0.1893673209324251
ohiomary,0.0,0.0020429009193054137,2,0.0,0.0020408163265306124,1434.0,0.3676764799488333
okayafrica,0.0,0.0,3,10.0,0.003061224489795918,0.0,0.01532350599096391
olympics,0.0,0.0,1,0.0,0.0010204081632653062,0.0,-0.3113911868133672
omart310,0.0,0.0010214504596527069,1,0.0,0.0010204081632653062,1.0,-0.04349712817090225
onqnielhwan,0.0,0.0010214504596527069,1,0.0,0.0010204081632653062,8.0,-0.043169212842040214
opednews,0.0,0.0,2,0.0,0.0020408163265306124,256.0,-0.22320141258491977
osx_ail,0.0,0.0,2,0.0,0.0020408163265306124,383.0,-0.21725209161842274
pagepaige9,0.0,0.0010214504596527069,1,0.0,0.0010204081632653062,0.0,-0.043543973217882545
pamdon18,0.0,0.005107252298263534,5,0.0,0.00510204081632653,0.0,1.3326346499700263
parkyeolkkuma,0.0,0.0010214504596527069,1,0.0,0.0010204081632653062,2.0,-0.04345028312392196
parkyoumi26,0.0,0.0010214504596527069,1,0.0,0.0010204081632653062,0.0,-0.043543973217882545
parmarkavi,0.0,0.0,2,0.0,0.0020408163265306124,721.0,-0.20141846573908406
paulaledfordwa1,0.0,0.0010214504596527069,1,0.0,0.0010204081632653062,2.0,-0.04345028312392196
pcr_kth,0.0,0.0010214504596527069,1,0.0,0.0010204081632653062,0.0,-0.043543973217882545
phillippetrulak,0.0,0.0010214504596527069,1,0.0,0.0010204081632653062,4.0,-0.04335659302996138
pink_lady56,0.0,0.0010214504596527069,1,0.0,0.0010204081632653062,181.0,-0.035065019714449724
pjflame,0.0,0.0010214504596527069,1,0.0,0.0010204081632653062,0.0,-0.043543973217882545
playerpress,0.0,0.0,2,0.0,0.0020408163265306124,550.0,-0.209428968772714
playfanschool,0.0,0.0,1,4.0,0.0010204081632653062,0.0,-0.24166326345282885
polticaljournal,0.0,0.0010214504596527069,1,0.0,0.0010204081632653062,3.0,-0.04340343807694168
potaetobuns,0.0,0.0010214504596527069,1,0.0,0.0010204081632653062,6.0,-0.0432629029360008
powklan7,0.0,0.0010214504596527069,1,0.0,0.0010204081632653062,0.0,-0.043543973217882545
pyeongchang2018,0.0,0.0,27,125.0,0.027551020408163266,942.0,3.892867949697699
quadlutzes,0.0,0.0010214504596527069,1,0.0,0.0010204081632653062,19.0,-0.042653917325257
rajandelman,0.0,0.0010214504596527069,1,0.0,0.0010204081632653062,51.0,-0.04115487582188766
randyharvey,0.0,0.0020429009193054137,2,0.0,0.0020408163265306124,211.0,0.3103849874919364
ranran_skate,0.0,0.0020429009193054137,2,0.0,0.0020408163265306124,8.0,0.3008754429549371
rapxgkruppa,0.0,0.0,2,0.0,0.0020408163265306124,2.0,-0.23510005451791394
realDonaldTrump,0.0,0.0,2,0.0,0.0020408163265306124,0.0,-0.23519374461187453
rebeccafmiller,0.0,0.0,6,26.0,0.006122448979591836,19.0,0.5237175819302207
renfroconnor,0.0,0.0010214504596527069,1,0.0,0.0010204081632653062,3.0,-0.04340343807694168
richrake,0.0,0.0010214504596527069,1,0.0,0.0010204081632653062,93.0,-0.03918738384871541
rirakkusu,0.0,0.0,2,7.0,0.0020408163265306124,0.0,-0.11316987873093244
rlstudentcounci,0.0,0.0,3,7.0,0.003061224489795918,0.0,-0.03697243652943982
robern5,0.0,0.0010214504596527069,1,0.0,0.0010204081632653062,3.0,-0.04340343807694168
robertjones212,0.0,0.0010214504596527069,1,0.0,0.0010204081632653062,76.0,-0.03998374964738037
rosxzmarism4,0.0,0.0010214504596527069,1,0.0,0.0010204081632653062,5.0,-0.04330974798298108
ryan_nicolls,0.0,0.0020429009193054137,2,0.0,0.0020408163265306124,3.0,0.30064121772003566
sSkyleRr,0.0,0.0010214504596527069,1,0.0,0.0010204081632653062,0.0,-0.043543973217882545
sabrinaevasaenz,0.0,0.0010214504596527069,1,0.0,0.0010204081632653062,36.0,-0.04185755152659204
sachisaan,0.0,0.0010214504596527069,1,0.0,0.0010204081632653062,13.0,-0.04293498760713875
safeinternetday,0.0,0.0,1,7.0,0.0010204081632653062,0.0,-0.1893673209324251
samantha1ynn,0.0,0.0,1,3.0,0.0010204081632653062,0.0,-0.25909524429296343
savy6829,0.0,0.0010214504596527069,1,0.0,0.0010204081632653062,0.0,-0.043543973217882545
scottishcurling,0.0,0.0,1,0.0,0.0010204081632653062,0.0,-0.3113911868133672
scottygfc,0.0,0.0010214504596527069,1,0.0,0.0010204081632653062,12.0,-0.04298183265411905
sctimes,0.0,0.0,1,0.0,0.0010204081632653062,0.0,-0.3113911868133672
sctimestom,0.0,0.0010214504596527069,1,0.0,0.0010204081632653062,48.0,-0.04129541096282853
seaningle,0.0,0.0,1,7.0,0.0010204081632653062,0.0,-0.1893673209324251
secretariat1012,0.0,0.0010214504596527069,1,0.0,0.0010204081632653062,58.0,-0.040826960493025616
sfchronicle,0.0,0.0,1,0.0,0.0010204081632653062,0.0,-0.3113911868133672
shardi596,0.0,0.0020429009193054137,2,0.0,0.0020408163265306124,2.0,0.30059437267305533
shayssmithh,0.0,0.0010214504596527069,1,0.0,0.0010204081632653062,1.0,-0.04349712817090225
shine_for_vixx,0.0,0.0010214504596527069,1,0.0,0.0010204081632653062,11.0,-0.04302867770109933
shutuppmegh,0.0,0.0010214504596527069,1,0.0,0.0010204081632653062,15.0,-0.04284129751317817
sivieroand,0.0,0.0020429009193054137,2,0.0,0.0020408163265306124,58.0,0.3032176953039517
smackmom25,0.0,0.0010214504596527069,1,0.0,0.0010204081632653062,7.0,-0.0432160578890205
snocro4444,0.0,0.0030643513789581204,3,0.0,0.003061224489795918,47.0,0.6467470555841458
softcinnamyeon,0.0,0.0010214504596527069,1,0.0,0.0010204081632653062,3.0,-0.04340343807694168
soompi,0.0,0.0,2,0.0,0.0020408163265306124,5448.0,0.020018071336755483
sree_kuttan,0.0,0.0020429009193054137,2,0.0,0.0020408163265306124,0.0,0.3005006825790948
stackartist,0.0,0.0010214504596527069,1,0.0,0.0010204081632653062,1219.0,0.013560139051093226
stayminseok,0.0,0.0010214504596527069,1,0.0,0.0010204081632653062,1.0,-0.04349712817090225
steadlight,0.0,0.0020429009193054137,2,0.0,0.0020408163265306124,14.0,0.30115651323681886
stevemillan97,0.0,0.0010214504596527069,1,0.0,0.0010204081632653062,0.0,-0.043543973217882545
stopthecap,0.0,0.0,1,7.0,0.0010204081632653062,0.0,-0.1893673209324251
stopthstupidity,0.0,0.0010214504596527069,1,0.0,0.0010204081632653062,9.0,-0.043122367795059915
succulentjoon,0.0,0.0010214504596527069,1,0.0,0.0010204081632653062,0.0,-0.043543973217882545
sustainablepoly,0.0,0.0010214504596527069,1,0.0,0.0010204081632653062,109.0,-0.03843786309703073
swdy7321,0.0,0.0,1,7.0,0.0010204081632653062,0.0,-0.1893673209324251
swedense,0.0,0.0,1,7.0,0.0010204081632653062,0.0,-0.1893673209324251
swidrowwe,0.0,0.0010214504596527069,1,0.0,0.0010204081632653062,0.0,-0.043543973217882545
sywtwfs,0.0,0.0,2,13.0,0.0020408163265306124,0.0,-0.008577993690124977
szmchaudhry,0.0,0.0010214504596527069,1,0.0,0.0010204081632653062,0.0,-0.043543973217882545
taegikth,0.0,0.0010214504596527069,1,0.0,0.0010204081632653062,4.0,-0.04335659302996138
taeksart,0.0,0.0010214504596527069,1,0.0,0.0010204081632653062,7.0,-0.0432160578890205
taeswfts,0.0,0.0010214504596527069,1,0.0,0.0010204081632653062,41.0,-0.04162332629169058
taigino_tameda,0.0,0.0010214504596527069,1,0.0,0.0010204081632653062,4.0,-0.04335659302996138
tararossignol,0.0,0.0,2,0.0,0.0020408163265306124,5.0,-0.23495951937697307
tasalinas,0.0,0.0020429009193054137,2,0.0,0.0020408163265306124,2186.0,0.40290395527801276
tatin__r,0.0,0.0020429009193054137,2,0.0,0.0020408163265306124,26.0,0.3017186538005824
tecnolang,0.0,0.0010214504596527069,1,0.0,0.0010204081632653062,2.0,-0.04345028312392196
tedhodgins,0.0,0.0020429009193054137,2,0.0,0.0020408163265306124,70.0,0.30377983586771523
telegraphprem,0.0,0.0,2,0.0,0.0020408163265306124,57.0,-0.2325235769339979
termiNADER49,0.0,0.0010214504596527069,1,0.0,0.0010204081632653062,2.0,-0.04345028312392196
textiff,0.0,0.0010214504596527069,1,0.0,0.0010204081632653062,563.0,-0.017170211767978227
the13eatnik,0.0,0.0,1,0.0,0.0010204081632653062,0.0,-0.3113911868133672
the_mantese,0.0,0.0,2,0.0,0.0020408163265306124,9.0,-0.23477213918905188
the_real_MVPETE,0.0,0.0010214504596527069,1,0.0,0.0010204081632653062,0.0,-0.043543973217882545
theamandabatty,0.0,0.0,3,7.0,0.003061224489795918,123.0,-0.031210495750863904
theblaze,0.0,0.0,3,10.0,0.003061224489795918,0.0,0.01532350599096391
thedailyjournal,0.0,0.0,2,0.0,0.0020408163265306124,299.0,-0.22118707556476724
theeust,0.0,0.0010214504596527069,1,0.0,0.0010204081632653062,3.0,-0.04340343807694168
thegeorgeyoung,0.0,0.0020429009193054137,2,0.0,0.0020408163265306124,128.0,0.30649684859257215
thehojo,0.0,0.0010214504596527069,1,0.0,0.0010204081632653062,25.0,-0.04237284704337525
thenelipas,0.0,0.0010214504596527069,1,0.0,0.0010204081632653062,32.0,-0.042044931714513206
thestate,0.0,0.0,1,5.0,0.0010204081632653062,0.0,-0.22423128261269426
thisnoiserocks,0.0,0.0010214504596527069,1,0.0,0.0010204081632653062,2.0,-0.04345028312392196
tixhonjm,0.0,0.0,2,0.0,0.0020408163265306124,96.0,-0.2306966201017665
tminsberg,0.0,0.0010214504596527069,1,0.0,0.0010204081632653062,223.0,-0.03309752774127746
toddgillman,0.0,0.0,1,0.0,0.0010204081632653062,0.0,-0.3113911868133672
tokiedamasakazu,0.0,0.0010214504596527069,1,0.0,0.0010204081632653062,11.0,-0.04302867770109933
tomhfit,0.0,0.0,2,0.0,0.0020408163265306124,128.0,-0.22919757859839712
tony_choufani,0.0,0.0,2,0.0,0.0020408163265306124,19.0,-0.23430368871924895
tonyblaitz,0.0,0.0,2,0.0,0.0020408163265306124,0.0,-0.23519374461187453
trapniggajesus,0.0,0.0,2,0.0,0.0020408163265306124,3.0,-0.2350532094709336
trustwortay13,0.0,0.0010214504596527069,1,0.0,0.0010204081632653062,8.0,-0.043169212842040214
tselsmark,0.0,0.0010214504596527069,1,0.0,0.0010204081632653062,63.0,-0.040592735258124166
tupperlexi,0.0,0.0,2,0.0,0.0020408163265306124,1.0,-0.2351468995648942
tvrewind,0.0,0.0,2,0.0,0.0020408163265306124,17.0,-0.23439737881320954
twinetime14,0.0,0.0,1,7.0,0.0010204081632653062,0.0,-0.1893673209324251
tyugaeri,0.0,0.0020429009193054137,2,0.0,0.0020408163265306124,66.0,0.30359245567979404
union4animal,0.0,0.0010214504596527069,1,0.0,0.0010204081632653062,20.0,-0.04260707227827672
updayUK,0.0,0.0,1,0.0,0.0010204081632653062,0.0,-0.3113911868133672
usakofs,0.0,0.0010214504596527069,1,0.0,0.0010204081632653062,0.0,-0.043543973217882545
vannylady,0.0,0.0010214504596527069,1,0.0,0.0010204081632653062,4.0,-0.04335659302996138
varda_friedman,0.0,0.0010214504596527069,1,0.0,0.0010204081632653062,24.0,-0.04241969209035554
vicsepulveda,0.0,0.0,1,0.0,0.0010204081632653062,0.0,-0.3113911868133672
vinod_khanna,0.0,0.0020429009193054137,2,0.0,0.0020408163265306124,205.0,0.3101039172100546
vkookbiasedd,0.0,0.0,1,7.0,0.0010204081632653062,0.0,-0.1893673209324251
washingtonpost,0.0,0.0,1,0.0,0.0010204081632653062,0.0,-0.3113911868133672
weareoneEXO,0.0,0.0,8,38.0,0.00816326530612245,0.0,0.8844061805221954
whamkins,0.0,0.0010214504596527069,1,0.0,0.0010204081632653062,28.0,-0.04223231190243437
whiskynsunshine,0.0,0.0010214504596527069,3,13.0,0.003061224489795918,1721.0,0.4160869879599346
whoopsitssam,0.0,0.0010214504596527069,1,0.0,0.0010204081632653062,1.0,-0.04349712817090225
whoyougotSNOW,0.0,0.0010214504596527069,1,0.0,0.0010204081632653062,0.0,-0.043543973217882545
willripleyCNN,0.0,0.0,1,4.0,0.0010204081632653062,0.0,-0.24166326345282885
wind4me,0.0,0.0,3,6.0,0.003061224489795918,556.0,-0.02835857124853211
wn4040,0.0,0.0010214504596527069,1,0.0,0.0010204081632653062,23.0,-0.042466537137335836
xPrinceKai,0.0,0.0010214504596527069,1,0.0,0.0010204081632653062,3.0,-0.04340343807694168
xiumeowzi,0.0,0.0010214504596527069,1,0.0,0.0010204081632653062,2.0,-0.04345028312392196
xtcollegebb,0.0,0.0,2,0.0,0.0020408163265306124,45.0,-0.23308571749776136
xtomatox,0.0,0.0010214504596527069,1,0.0,0.0010204081632653062,1.0,-0.04349712817090225
xxooxx2018,0.0,0.0010214504596527069,1,0.0,0.0010204081632653062,0.0,-0.043543973217882545
yawnbox,0.0,0.0,1,7.0,0.0010204081632653062,0.0,-0.1893673209324251
yeopo_nightmar,0.0,0.0010214504596527069,1,0.0,0.0010204081632653062,0.0,-0.043543973217882545
yoshii_vip,0.0,0.0010214504596527069,1,0.0,0.0010204081632653062,0.0,-0.043543973217882545
yumi1107ok,0.0,0.0010214504596527069,1,0.0,0.0010204081632653062,4.0,-0.04335659302996138
zacrell_15,0.0,0.0010214504596527069,1,0.0,0.0010204081632653062,1.0,-0.04349712817090225
zaretaf4w9its,0.0,0.0,2,0.0,0.0020408163265306124,2.0,-0.23510005451791394
zatheteacher,0.0,0.0,2,0.0,0.0020408163265306124,77.0,-0.23158667599439203
zdubbZ5,0.0,0.0010214504596527069,1,0.0,0.0010204081632653062,0.0,-0.043543973217882545
zennichikuhon,0.0,0.0,2,0.0,0.0020408163265306124,1.0,-0.2351468995648942
zhouhuasheng06,0.0,0.0,2,0.0,0.0020408163265306124,1.0,-0.2351468995648942
ziavelasquez,0.0,0.0010214504596527069,1,0.0,0.0010204081632653062,0.0,-0.043543973217882545
