,cluster,names,president,x_vals,y_vales
0,4,Speech_0,George Washington,-0.3727736462906898,-0.3808125252350257
1,4,Speech_1,George Washington,-0.37277364629067394,-0.3808125252350112
2,0,Speech_2,George Washington,-0.37277364629067755,-0.3808125252350157
3,0,Speech_3,George Washington,-0.37277364629065124,-0.3808125252349899
4,0,Speech_4,George Washington,-0.2059766198465975,-0.19368197072749702
5,0,Speech_5,George Washington,-0.37277364629067206,-0.38081252523501125
6,4,Speech_6,George Washington,-0.10485734398876925,-0.4346576671740985
7,0,Speech_7,George Washington,-0.218964564897399,-0.4345716468391124
8,0,Speech_8,George Washington,-0.37277364629069687,-0.3808125252350332
9,4,Speech_9,George Washington,-0.5881970645295026,-0.1336250938283851
10,0,Speech_10,George Washington,-0.3727736462906755,-0.380812525235013
11,0,Speech_11,George Washington,-0.21896456489739205,-0.43457164683909866
12,0,Speech_12,George Washington,-0.2189645648973925,-0.4345716468391003
13,4,Speech_13,George Washington,-0.3727736462906871,-0.380812525235025
14,0,Speech_14,George Washington,-0.35257307158112033,-0.19955507873764394
15,0,Speech_15,George Washington,-0.2127337437718774,-0.6578608948215835
16,0,Speech_16,George Washington,-0.3727736462906748,-0.38081252523501236
17,9,Speech_17,George Washington,-0.3727736462906715,-0.3808125252350103
18,0,Speech_18,George Washington,-0.28984561486681765,-0.03157036260660674
19,4,Speech_19,George Washington,-0.3727736462906495,-0.3808125252349899
20,0,Speech_20,George Washington,-0.36843237606874935,-0.3243417558830108
21,4,Speech_21,John Adams,-0.25978608546800014,-0.3191876441949648
22,0,Speech_22,John Adams,-0.3727736462906421,-0.38081252523498155
23,0,Speech_23,John Adams,-0.3727736462906649,-0.3808125252350045
24,4,Speech_24,John Adams,-0.3357978699877604,-0.09709970310433996
25,0,Speech_25,John Adams,-0.3727736462906639,-0.3808125252350027
26,0,Speech_26,John Adams,-0.37277364629065446,-0.3808125252349936
27,4,Speech_27,John Adams,-0.33579786998774663,-0.09709970310433703
28,0,Speech_28,John Adams,0.07740150338423332,-0.3627943773689589
29,0,Speech_29,John Adams,-0.37277364629067267,-0.3808125252350125
30,4,Speech_30,Thomas Jefferson,-0.3811821937847779,0.20795491544659583
31,4,Speech_31,Thomas Jefferson,-0.3684113924273434,-0.32435119637577486
32,0,Speech_32,Thomas Jefferson,-0.3727736462906847,-0.3808125252350233
33,4,Speech_33,Thomas Jefferson,-0.3811821937847773,0.20795491544659594
34,3,Speech_34,Thomas Jefferson,-0.036467959329497736,-0.2192071045305986
35,0,Speech_35,Thomas Jefferson,-0.1048573439887705,-0.4346576671741035
36,0,Speech_36,Thomas Jefferson,-0.2106651511446657,-0.32252382092459286
37,0,Speech_37,Thomas Jefferson,-0.28984561486681165,-0.03157036260660671
38,0,Speech_38,Thomas Jefferson,-0.10485734398877189,-0.43465766717411175
39,3,Speech_39,Thomas Jefferson,-0.28984561486680155,-0.0315703626066054
40,0,Speech_40,Thomas Jefferson,-0.3727736462906769,-0.3808125252350148
41,4,Speech_41,Thomas Jefferson,-0.33579786998776356,-0.09709970310434078
42,0,Speech_42,Thomas Jefferson,-0.3810536382717219,-0.23638503259554652
43,0,Speech_43,Thomas Jefferson,-0.21273387764646345,-0.6578608585651875
44,3,Speech_44,Thomas Jefferson,-0.28984561486680444,-0.03157036260660567
45,0,Speech_45,Thomas Jefferson,-0.3727736462906565,-0.38081252523499665
46,0,Speech_46,Thomas Jefferson,-0.38105363827173994,-0.23638503259555568
47,3,Speech_47,Thomas Jefferson,-0.39597695275296435,0.09717439599073303
48,0,Speech_48,Thomas Jefferson,-0.37277364629065946,-0.3808125252349986
49,0,Speech_49,Thomas Jefferson,-0.3810536382717389,-0.2363850325955553
50,0,Speech_50,Thomas Jefferson,-0.381053638271735,-0.23638503259555257
51,0,Speech_51,Thomas Jefferson,-0.3810536382717525,-0.23638503259555813
52,0,Speech_52,Thomas Jefferson,-0.38105363827173827,-0.23638503259555294
53,4,Speech_53,James Madison,-0.3727736462906595,-0.38081252523500025
54,4,Speech_54,Thomas Jefferson,-0.33579786998776784,-0.09709970310434307
55,0,Speech_55,James Madison,-0.21273381287009968,-0.6578608761081537
56,0,Speech_56,James Madison,-0.3727736462906576,-0.3808125252349984
57,0,Speech_57,James Madison,-0.372773646290654,-0.38081252523499476
58,0,Speech_58,James Madison,-0.3727736462906588,-0.380812525234999
59,4,Speech_59,James Madison,-0.21896456489740432,-0.4345716468391232
60,0,Speech_60,James Madison,-0.2127337540908824,-0.6578608920269721
61,0,Speech_61,James Madison,-0.3810536382717192,-0.23638503259554267
62,4,Speech_62,James Madison,-0.33579786998777145,-0.09709970310434383
63,4,Speech_63,James Madison,-0.3727736462906673,-0.3808125252350089
64,0,Speech_64,James Madison,-0.3810536382717489,-0.23638503259555707
65,4,Speech_65,James Madison,-0.38105363827174843,-0.2363850325955569
66,0,Speech_66,James Madison,-0.38105363827175603,-0.2363850325955617
67,4,Speech_67,James Madison,-0.3357978699877661,-0.09709970310434037
68,0,Speech_68,James Madison,-0.3810536382717508,-0.23638503259555857
69,4,Speech_69,James Madison,-0.3810536382717422,-0.2363850325955545
70,0,Speech_70,James Madison,-0.3810536382717335,-0.23638503259555205
71,0,Speech_71,James Madison,-0.10485734398877875,-0.4346576671741404
72,0,Speech_72,James Madison,-0.3727736462906881,-0.3808125252350281
73,0,Speech_73,James Madison,-0.3727736462906583,-0.38081252523499753
74,0,Speech_74,James Madison,-0.372773646290665,-0.38081252523500514
75,4,Speech_75,James Madison,-0.21896456489739147,-0.4345716468390972
76,4,Speech_76,James Monroe,-0.37277364629067655,-0.380812525235017
77,0,Speech_77,James Monroe,-0.3727736462906786,-0.3808125252350176
78,0,Speech_78,James Monroe,-0.37277364629067095,-0.3808125252350108
79,9,Speech_79,James Monroe,-0.2127344501496988,-0.6578607035173653
80,0,Speech_80,James Monroe,-0.37277364629067217,-0.38081252523501213
81,0,Speech_81,James Monroe,-0.37277364629067056,-0.38081252523501097
82,3,Speech_82,John Quincy Adams,-0.381182193784787,0.20795491544660255
83,9,Speech_83,James Monroe,-0.21273378707378482,-0.6578608830943783
84,0,Speech_84,James Monroe,-0.372773646290677,-0.3808125252350183
85,9,Speech_85,James Monroe,-0.37277364629068727,-0.3808125252350267
86,9,Speech_86,James Monroe,-0.3727736462906791,-0.3808125252350188
87,4,Speech_87,John Quincy Adams,-0.3727736462906675,-0.3808125252350091
88,9,Speech_88,John Quincy Adams,-0.3727736462906676,-0.38081252523500786
89,9,Speech_89,John Quincy Adams,-0.37277364629066523,-0.3808125252350063
90,9,Speech_90,John Quincy Adams,-0.3727736462906609,-0.38081252523500264
91,9,Speech_91,John Quincy Adams,-0.3727736462906588,-0.3808125252350007
92,4,Speech_92,Andrew Jackson,-0.3727736462906636,-0.3808125252350065
93,0,Speech_93,Andrew Jackson,-0.2127338139528847,-0.6578608758149289
94,9,Speech_94,Andrew Jackson,-0.3727736462906589,-0.3808125252350002
95,0,Speech_95,Andrew Jackson,-0.21273377623003373,-0.6578608860311638
96,9,Speech_96,Andrew Jackson,-0.37277364629065607,-0.38081252523499876
97,9,Speech_97,Andrew Jackson,-0.37277364629066295,-0.3808125252350045
98,8,Speech_98,Andrew Jackson,-0.21896456489740163,-0.4345716468391178
99,9,Speech_99,Andrew Jackson,-0.37277364629066034,-0.3808125252350018
100,4,Speech_100,Andrew Jackson,-0.588197064529543,-0.1336250938283877
101,9,Speech_101,Andrew Jackson,-0.2127350123216439,-0.6578605512669725
102,9,Speech_102,Andrew Jackson,-0.3727736462906535,-0.3808125252349956
103,9,Speech_103,Andrew Jackson,-0.37277364629065113,-0.38081252523499387
104,9,Speech_104,Andrew Jackson,-0.04077129027309414,-0.42497689348104156
105,4,Speech_105,Andrew Jackson,-0.036467959329496376,-0.21920710453058925
106,4,Speech_106,Martin Van Buren,-0.3727736462906409,-0.3808125252349839
107,9,Speech_107,Martin Van Buren,0.014465894279051027,-0.3929340552033563
108,9,Speech_108,Martin Van Buren,-0.21896456489740682,-0.4345716468391281
109,0,Speech_109,Martin Van Buren,-0.3727736462906571,-0.3808125252349999
110,9,Speech_110,Martin Van Buren,-0.21896456489739596,-0.43457164683910665
111,9,Speech_111,Martin Van Buren,-0.21896456489740126,-0.434571646839117
112,9,Speech_112,Martin Van Buren,-0.21896456489740482,-0.43457164683912347
113,0,Speech_113,Martin Van Buren,-0.37277364629065485,-0.38081252523499753
114,4,Speech_114,William Henry Harrison,-0.20597661984659152,-0.1936819707274916
115,9,Speech_115,John Tyler,-0.21896456489739885,-0.43457164683911176
116,4,Speech_116,James Knox Polk,-0.10485734398877772,-0.4346576671741385
117,4,Speech_117,Zachary Taylor,-0.37277364629065846,-0.38081252523500136
118,9,Speech_118,Millard Fillmore,-0.21896456489740165,-0.4345716468391177
119,4,Speech_119,Abraham Lincoln,-0.33579786998776323,-0.09709970310434038
120,4,Speech_120,Franklin Pierce,-0.3357978699877564,-0.09709970310433927
121,9,Speech_121,Franklin Pierce,-0.21896456489739088,-0.4345716468390959
122,4,Speech_122,Franklin Pierce,-0.21896456489740931,-0.43457164683913263
123,4,Speech_123,Abraham Lincoln,-0.20597661984658813,-0.19368197072748727
124,9,Speech_124,Franklin Pierce,-0.2726506620828947,-0.1291330849792829
125,9,Speech_125,Franklin Pierce,-0.21896456489740054,-0.43457164683911487
126,4,Speech_126,Franklin Pierce,-0.21896456489739816,-0.43457164683911015
127,4,Speech_127,James Buchanan,-0.21896456489740673,-0.434571646839127
128,9,Speech_128,James Buchanan,0.01446589427905149,-0.392934055203363
129,4,Speech_129,Abraham Lincoln,-0.33952322836647825,0.08633843766471185
130,4,Speech_130,James Buchanan,-0.21896456489739727,-0.434571646839108
131,9,Speech_131,James Buchanan,-0.21896456489740487,-0.434571646839123
132,4,Speech_132,Abraham Lincoln,-0.3395232283664889,0.08633843766471473
133,4,Speech_133,James Buchanan,-0.2189645648974105,-0.43457164683913485
134,3,Speech_134,Abraham Lincoln,-0.25345147297084397,0.5551348396211462
135,4,Speech_135,Abraham Lincoln,-0.1465759794867472,-0.5001446057246598
136,4,Speech_136,Abraham Lincoln,-0.21066515114466333,-0.32252382092458737
137,9,Speech_137,Abraham Lincoln,-0.21896456489739655,-0.4345716468391064
138,9,Speech_138,Abraham Lincoln,-0.1933909221362629,-0.11027732440084903
139,4,Speech_139,Abraham Lincoln,-0.2898456148668115,-0.03157036260660478
140,4,Speech_140,Abraham Lincoln,-0.2990571460483179,0.2543837633084785
141,3,Speech_141,Abraham Lincoln,-0.38118219378477464,0.2079549154465946
142,9,Speech_142,Abraham Lincoln,-0.21896456489740437,-0.4345716468391223
143,9,Speech_143,Abraham Lincoln,-0.21066515114465928,-0.32252382092458237
144,4,Speech_144,Abraham Lincoln,-0.28984561486681,-0.03157036260660529
145,4,Speech_145,Andrew Johnson,-0.20597661984659574,-0.1936819707274942
146,4,Speech_146,Ulysses S. Grant,0.09008418828585675,-0.1437182244245378
147,9,Speech_147,Ulysses S. Grant,-0.040771290273092155,-0.42497689348102186
148,9,Speech_148,Ulysses S. Grant,0.03756022727199332,-0.5280228727528382
149,9,Speech_149,Ulysses S. Grant,-0.21066515114465795,-0.3225238209245803
150,9,Speech_150,Ulysses S. Grant,-0.005379783943212569,-0.6254672766906835
151,4,Speech_151,Ulysses S. Grant,-0.0707887342055336,-0.1292179605172294
152,9,Speech_152,Ulysses S. Grant,0.25330862198189213,-0.4736711988771582
153,9,Speech_153,Ulysses S. Grant,0.2066766334433793,-0.5278408792213171
154,9,Speech_154,Ulysses S. Grant,-0.21896456489740443,-0.4345716468391218
155,9,Speech_155,Ulysses S. Grant,-0.005379783944450862,-0.6254672766907229
156,4,Speech_156,Rutherford Birchard Hayes,-0.1478889477435669,-0.4182841037098989
157,9,Speech_157,Rutherford Birchard Hayes,-0.21896456489741237,-0.4345716468391375
158,9,Speech_158,Rutherford Birchard Hayes,-0.14080658144011196,-0.3095375490358914
159,9,Speech_159,Rutherford Birchard Hayes,-0.21896456489741148,-0.4345716468391359
160,9,Speech_160,Rutherford Birchard Hayes,-0.2189645648973928,-0.43457164683909866
161,4,Speech_161,James Abram Garfield,-0.19339092213626488,-0.11027732440085004
162,9,Speech_162,Chester Alan Arthur,0.24292009630179415,-0.5646651595372632
163,9,Speech_163,Chester Alan Arthur,0.20667663344338175,-0.5278408792213246
164,9,Speech_164,Chester Alan Arthur,0.12263793290949856,-0.46240186463342065
165,9,Speech_165,Chester Alan Arthur,0.12263793290949863,-0.46240186463342337
166,4,Speech_166,Grover Cleveland,-0.14788894774356315,-0.4182841037098892
167,9,Speech_167,Grover Cleveland,-0.14080658144011596,-0.30953754903589836
168,9,Speech_168,Grover Cleveland,0.2566193273522731,-0.33277801310467897
169,8,Speech_169,Grover Cleveland,-0.040771290273091995,-0.42497689348102113
170,9,Speech_170,Grover Cleveland,-0.20597661984661483,-0.19368197072751106
171,4,Speech_171,Benjamin Harrison,-0.07467129358311646,-0.06341639638560904
172,9,Speech_172,Benjamin Harrison,0.23907142000224016,-0.37457453771392335
173,9,Speech_173,Benjamin Harrison,0.23907142000223958,-0.37457453771392457
174,9,Speech_174,Benjamin Harrison,0.03756022727199524,-0.5280228727528483
175,9,Speech_175,Benjamin Harrison,0.20667663344337436,-0.527840879221305
176,4,Speech_176,Grover Cleveland,0.3229691353796916,-0.27411189116735923
177,8,Speech_177,Grover Cleveland,0.014465894279050562,-0.39293405520335034
178,9,Speech_178,Grover Cleveland,0.12170755905498615,-0.3418832639882463
179,9,Speech_179,Grover Cleveland,0.21183208894716235,-0.2864860702459684
180,9,Speech_180,Grover Cleveland,-0.14512699445795882,-0.20925073594267007
181,9,Speech_181,Grover Cleveland,-0.19339092213625478,-0.11027732440084671
182,8,Speech_182,William McKinley,0.014465894279051377,-0.39293405520336844
183,9,Speech_183,William McKinley,0.055457300308529175,-0.27541716482096557
184,9,Speech_184,William McKinley,-0.4444172296203673,-0.013687621183147841
185,9,Speech_185,William McKinley,0.23907142000224352,-0.37457453771392774
186,9,Speech_186,William McKinley,-0.1451269944579526,-0.20925073594266128
187,4,Speech_187,William McKinley,0.02448363769252291,-0.10705690653805973
188,8,Speech_188,Theodore Roosevelt,-0.2864673745973621,0.08777285283326211
189,8,Speech_189,Theodore Roosevelt,-0.13195369843962773,-0.03404535978722182
190,8,Speech_190,Theodore Roosevelt,-0.005379783943093781,-0.6254672766906697
191,8,Speech_191,Theodore Roosevelt,-0.00898958510203853,-0.11429409614392691
192,3,Speech_192,Theodore Roosevelt,-0.28646737459564786,0.08777285283229543
193,8,Speech_193,Theodore Roosevelt,0.4855211858811192,-0.4999116416573029
194,8,Speech_194,Theodore Roosevelt,-0.33952322836646376,0.08633843766470506
195,8,Speech_195,Theodore Roosevelt,0.5272899948836399,-0.4130185514259073
196,8,Speech_196,Theodore Roosevelt,0.23068017046103628,-0.3878011574839714
197,8,Speech_197,William Howard Taft,0.02051866580963741,-0.30579029382597944
198,8,Speech_198,William Howard Taft,0.20667663344337295,-0.5278408792213054
199,9,Speech_199,William Howard Taft,0.1226379329094711,-0.46240186463340993
200,9,Speech_200,William Howard Taft,0.12263793290949218,-0.46240186463339694
201,8,Speech_201,William Howard Taft,0.23907142000224157,-0.37457453771392646
202,8,Speech_202,William Howard Taft,-0.00537978394310445,-0.6254672766906776
203,9,Speech_203,William Howard Taft,0.23907142000224144,-0.37457453771392485
204,8,Speech_204,Woodrow Wilson,0.16090520911863723,-0.09210483675453744
205,3,Speech_205,Woodrow Wilson,-0.29905714604831257,0.25438376330847334
206,3,Speech_206,Woodrow Wilson,-0.38118219378478074,0.20795491544659733
207,8,Speech_207,Woodrow Wilson,0.020518665809636166,-0.3057902938259731
208,8,Speech_208,Woodrow Wilson,0.02439097063475649,-0.4740799719259055
209,4,Speech_209,Woodrow Wilson,-0.38118219378476537,0.20795491544658987
210,4,Speech_210,Woodrow Wilson,-0.33952322836647647,0.08633843766471039
211,8,Speech_211,Woodrow Wilson,0.0005649457655681705,-0.05647588180953617
212,8,Speech_212,Woodrow Wilson,0.0018323745906223855,-0.22498655206336599
213,8,Speech_213,Woodrow Wilson,-0.0765803339877363,0.09589648487196874
214,8,Speech_214,Woodrow Wilson,-0.04077129027309304,-0.42497689348102985
215,4,Speech_215,Woodrow Wilson,-0.11570859326449036,0.1502757328426215
216,4,Speech_216,Woodrow Wilson,-0.07658033398773205,0.09589648487196482
217,1,Speech_217,Woodrow Wilson,-0.09807845081192794,-0.18983470213940648
218,4,Speech_218,Woodrow Wilson,-0.2106651511446618,-0.3225238209245876
219,8,Speech_219,Woodrow Wilson,-0.1157085932644884,0.15027573284261872
220,8,Speech_220,Woodrow Wilson,-0.03882454418207954,-0.3351268453073311
221,8,Speech_221,Woodrow Wilson,0.11133165138196441,-0.13868828454668786
222,8,Speech_222,Woodrow Wilson,-0.015032089293676073,-0.12628326074611468
223,8,Speech_223,Warren Gamaliel Harding,0.11152874688533262,0.005599588330217838
224,8,Speech_224,Warren Gamaliel Harding,0.014465894279050871,-0.3929340552033619
225,8,Speech_225,Warren Gamaliel Harding,0.055457300308531424,-0.27541716482097406
226,8,Speech_226,Calvin Coolidge,0.13669516937396067,-0.2916701193243073
227,8,Speech_227,Calvin Coolidge,0.25661932735226306,-0.3327780131046676
228,8,Speech_228,Calvin Coolidge,0.11152874688533386,0.005599588330218
229,8,Speech_229,Calvin Coolidge,0.020518665809635257,-0.3057902938259665
230,8,Speech_230,Calvin Coolidge,0.2066766334433743,-0.5278408792213084
231,3,Speech_231,Calvin Coolidge,-0.20775491666443016,0.2653898674168297
232,8,Speech_232,Calvin Coolidge,0.20700255028939452,-0.43088538295668466
233,8,Speech_233,Herbert Clark Hoover,0.16090520911864575,-0.09210483675454137
234,8,Speech_234,Calvin Coolidge,0.239071420002234,-0.37457453771391647
235,8,Speech_235,Herbert Clark Hoover,0.10029921857473419,-0.21689790322029529
236,9,Speech_236,Herbert Clark Hoover,-0.2190104021181462,-0.0038154111529330095
237,8,Speech_237,Franklin Delano Roosevelt,-0.010673554134636564,-0.046936394186910965
238,8,Speech_238,Franklin Delano Roosevelt,0.10083186655287868,-0.5831567405717826
239,8,Speech_239,Franklin Delano Roosevelt,-0.372832273956091,0.3885774479575128
240,8,Speech_240,Franklin Delano Roosevelt,0.07696236204959937,-0.01699277833681086
241,8,Speech_241,Franklin Delano Roosevelt,0.2306801704293291,-0.3878011574804441
242,8,Speech_242,Franklin Delano Roosevelt,0.23423132257368318,-0.24374657008871345
243,8,Speech_243,Franklin Delano Roosevelt,0.006415584486310563,-0.3061951968958462
244,8,Speech_244,Franklin Delano Roosevelt,0.006415584486308154,-0.3061951968958413
245,3,Speech_245,Franklin Delano Roosevelt,0.07696236205220366,-0.016992778338266408
246,8,Speech_246,Franklin Delano Roosevelt,0.3651737787759051,0.0875094270601964
247,3,Speech_247,Franklin Delano Roosevelt,0.3836631547741364,0.21861458981964368
248,3,Speech_248,Franklin Delano Roosevelt,-0.3571984589215692,0.232411484102002
249,8,Speech_249,Franklin Delano Roosevelt,-0.5109281010257752,-0.13143641512478352
250,1,Speech_250,Franklin Delano Roosevelt,0.054347433589588365,0.060149061980451196
251,8,Speech_251,Franklin Delano Roosevelt,0.14858573930831262,-0.06567290660550675
252,1,Speech_252,Franklin Delano Roosevelt,0.6517627318833036,-0.2607702902564822
253,5,Speech_253,Franklin Delano Roosevelt,-0.007206099081712079,0.11583605001279021
254,8,Speech_254,Franklin Delano Roosevelt,0.16090520911863843,-0.09210483675453823
255,3,Speech_255,Franklin Delano Roosevelt,-0.1714163357832953,0.0937987208275529
256,1,Speech_256,Franklin Delano Roosevelt,-0.12400963449631348,0.24554465904998254
257,1,Speech_257,Franklin Delano Roosevelt,0.015660111630658835,0.15924720191217148
258,1,Speech_258,Franklin Delano Roosevelt,-0.12400963449630523,0.2455446590499698
259,1,Speech_259,Franklin Delano Roosevelt,-0.0778253340686755,0.13110927706534697
260,1,Speech_260,Franklin Delano Roosevelt,-0.12400963449631276,0.24554465904998088
261,1,Speech_261,Franklin Delano Roosevelt,0.01566011163066023,0.15924720191217967
262,3,Speech_262,Franklin Delano Roosevelt,-0.2077549166644347,0.26538986741683634
263,1,Speech_263,Franklin Delano Roosevelt,-0.0072060992297808225,0.11583605011758877
264,1,Speech_264,Franklin Delano Roosevelt,0.0018323745906215795,-0.22498655206336027
265,1,Speech_265,Franklin Delano Roosevelt,-0.27265066208289784,-0.12913308497928333
266,1,Speech_266,Franklin Delano Roosevelt,-0.38105363827174343,-0.23638503259555346
267,1,Speech_267,Franklin Delano Roosevelt,-0.27265066208290856,-0.1291330849792887
268,1,Speech_268,Franklin Delano Roosevelt,-0.2726506620829005,-0.1291330849792826
269,1,Speech_269,Franklin Delano Roosevelt,0.14011531723972498,-0.32100844151674535
270,1,Speech_270,Franklin Delano Roosevelt,-0.1103596906778052,-0.3087463371750237
271,1,Speech_271,Franklin Delano Roosevelt,0.4906936612732172,-0.29274467783845637
272,1,Speech_272,Franklin Delano Roosevelt,0.06324147379984892,-0.02227166124803325
273,1,Speech_273,Franklin Delano Roosevelt,0.054347433589588434,0.06014906198045152
274,1,Speech_274,Franklin Delano Roosevelt,0.4906936612732057,-0.29274467783845826
275,1,Speech_275,Franklin Delano Roosevelt,-0.034858254658420976,-0.2862573684134547
276,1,Speech_276,Franklin Delano Roosevelt,0.5432273619482577,0.40262012959738663
277,1,Speech_277,Franklin Delano Roosevelt,-0.18716200977573857,0.03940840594545469
278,1,Speech_278,Franklin Delano Roosevelt,-0.15503550571753186,0.2728898380816293
279,1,Speech_279,Franklin Delano Roosevelt,0.05434743358958659,0.06014906198044964
280,1,Speech_280,Franklin Delano Roosevelt,0.1213274658113627,0.2035588953013544
281,1,Speech_281,Franklin Delano Roosevelt,0.26533874669442137,-0.255114826835031
282,1,Speech_282,Franklin Delano Roosevelt,-0.12400963449630933,0.24554465904997702
283,3,Speech_283,Franklin Delano Roosevelt,-0.20775491666442933,0.2653898674168291
284,1,Speech_284,Franklin Delano Roosevelt,-0.14512699445795402,-0.20925073594266327
285,1,Speech_285,Franklin Delano Roosevelt,-0.27265066208289584,-0.12913308497928352
286,3,Speech_286,Harry S. Truman,-0.15503550571753352,0.2728898380816329
287,3,Speech_287,Harry S. Truman,-0.299057146048306,0.2543837633084667
288,1,Speech_288,Harry S. Truman,-0.053560078683681525,-0.14048887939795654
289,1,Speech_289,Harry S. Truman,-0.04856707149416471,-0.18081302751118733
290,3,Speech_290,Harry S. Truman,-0.29905714604831596,0.254383763308476
291,1,Speech_291,Harry S. Truman,-0.1550355057175291,0.2728898380816277
292,1,Speech_292,Harry S. Truman,0.0335091562682449,-0.2030575907351793
293,8,Speech_293,Harry S. Truman,0.21569207600354082,-0.1963916189538868
294,3,Speech_294,Harry S. Truman,0.059886400930315865,0.24430037141341573
295,2,Speech_295,Harry S. Truman,0.24556010693618938,-0.006165084951277912
296,2,Speech_296,Harry S. Truman,0.5114223717225955,0.2044433317279827
297,3,Speech_297,Harry S. Truman,0.35423095010515304,0.4787304567934645
298,1,Speech_298,Harry S. Truman,-0.17495461536722004,0.24541581545494356
299,1,Speech_299,Harry S. Truman,-0.08664871508433081,0.6017132682882145
300,3,Speech_300,Harry S. Truman,-0.04105905763427712,-0.1395171045673358
301,2,Speech_301,Harry S. Truman,0.47265965542980515,0.1896063316467636
302,2,Speech_302,Richard Milhous Nixon,0.43806140137085653,0.04353236133924693
303,2,Speech_303,Harry S. Truman,0.5114222717511693,0.2044436930301011
304,2,Speech_304,Harry S. Truman,0.142670287774946,0.36651806835203216
305,1,Speech_305,Dwight David Eisenhower,-0.11570859326448846,0.1502757328426187
306,7,Speech_306,Dwight David Eisenhower,-0.15503550571752459,0.2728898380816195
307,1,Speech_307,Dwight David Eisenhower,-0.18716200977572675,0.03940840594545221
308,3,Speech_308,Dwight David Eisenhower,0.06558537153602574,0.1200018442458765
309,7,Speech_309,Dwight David Eisenhower,-0.2972671827013644,-0.22940878494814518
310,3,Speech_310,John Fitzgerald Kennedy,0.18731420123901,0.14430972487061736
311,4,Speech_311,John Fitzgerald Kennedy,-0.3395232283664606,0.08633843766470496
312,2,Speech_312,John Fitzgerald Kennedy,0.4770639573833485,0.25238655960120543
313,2,Speech_313,John Fitzgerald Kennedy,0.6463726059888222,-0.026355191117588807
314,2,Speech_314,John Fitzgerald Kennedy,-0.08664856212584514,0.6017132941309109
315,2,Speech_315,John Fitzgerald Kennedy,0.3560649970060182,0.2831119557855892
316,3,Speech_316,John Fitzgerald Kennedy,-0.35719845892158725,0.23241148410201645
317,1,Speech_317,Dwight David Eisenhower,0.06558537153602824,0.12000184424588003
318,3,Speech_318,John Fitzgerald Kennedy,-0.2077549166644331,0.26538986741683396
319,5,Speech_319,John Fitzgerald Kennedy,0.1653232478622075,-0.16077826917713836
320,3,Speech_320,John Fitzgerald Kennedy,-0.1749546153672142,0.2454158154549396
321,1,Speech_321,John Fitzgerald Kennedy,0.4567964359804429,0.11581033124443889
322,1,Speech_322,John Fitzgerald Kennedy,0.25600547117338657,0.3962847664277319
323,1,Speech_323,John Fitzgerald Kennedy,-0.030709107340507573,0.47243633964376114
324,1,Speech_324,John Fitzgerald Kennedy,-0.09782774176992048,-0.027633227149666987
325,3,Speech_325,John Fitzgerald Kennedy,-0.3571984589215918,0.23241148410202006
326,1,Speech_326,John Fitzgerald Kennedy,-0.15503550571752672,0.2728898380816245
327,1,Speech_327,John Fitzgerald Kennedy,0.0074050798359119145,-0.16410281746440664
328,1,Speech_328,John Fitzgerald Kennedy,-0.168859793345411,0.0015256427866695377
329,3,Speech_329,John Fitzgerald Kennedy,-0.1550355057175326,0.2728898380816348
330,1,Speech_330,John Fitzgerald Kennedy,0.26909544996605744,0.3023317280856599
331,7,Speech_331,John Fitzgerald Kennedy,-0.11570859326448427,0.15027573284261442
332,1,Speech_332,John Fitzgerald Kennedy,-0.12400963449631612,0.2455446590499878
333,3,Speech_333,John Fitzgerald Kennedy,-0.03070910734051048,0.4724363396438014
334,1,Speech_334,John Fitzgerald Kennedy,-0.12400963449630616,0.24554465904997202
335,5,Speech_335,John Fitzgerald Kennedy,0.3004411379584212,-0.3637124263714402
336,5,Speech_336,John Fitzgerald Kennedy,0.2690954499660648,0.3023317280856682
337,3,Speech_337,John Fitzgerald Kennedy,-0.38118219378478624,0.20795491544660089
338,5,Speech_338,John Fitzgerald Kennedy,0.11133165138196409,-0.13868828454668683
339,1,Speech_339,John Fitzgerald Kennedy,-0.1749546153672178,0.2454158154549429
340,1,Speech_340,John Fitzgerald Kennedy,-0.15503550571752736,0.2728898380816246
341,5,Speech_341,John Fitzgerald Kennedy,0.1115287468853385,0.005599588330218116
342,3,Speech_342,John Fitzgerald Kennedy,0.2690954499660446,0.3023317280856454
343,4,Speech_343,John Fitzgerald Kennedy,-0.17141633530114514,0.09379872062954671
344,7,Speech_344,John Fitzgerald Kennedy,-0.3230963864382564,0.21725744281842338
345,5,Speech_345,John Fitzgerald Kennedy,0.12132746581136794,0.20355889530136342
346,3,Speech_346,John Fitzgerald Kennedy,-0.011985336136259978,0.2569908711473473
347,3,Speech_347,Lyndon Baines Johnson,-0.3811821937847971,0.2079549154466072
348,1,Speech_348,John Fitzgerald Kennedy,-0.18716200977573452,0.03940840594545366
349,7,Speech_349,John Fitzgerald Kennedy,-0.07658033398772687,0.09589648487195945
350,3,Speech_350,John Fitzgerald Kennedy,0.16045931599902713,0.027194240294582478
351,3,Speech_351,John Fitzgerald Kennedy,-0.030709107340506678,0.4724363396437443
352,7,Speech_352,John Fitzgerald Kennedy,0.15402540165050416,0.424600448255399
353,7,Speech_353,John Fitzgerald Kennedy,0.0986014508462336,0.11414529834441739
354,1,Speech_354,John Fitzgerald Kennedy,-0.13810946713521197,0.12034859696703515
355,3,Speech_355,John Fitzgerald Kennedy,0.1768798319867643,0.1769088413092144
356,3,Speech_356,Lyndon Baines Johnson,0.17687983198676688,0.17690884130921714
357,3,Speech_357,Lyndon Baines Johnson,-0.3811821937847843,0.20795491544660075
358,3,Speech_358,Lyndon Baines Johnson,0.3112412559366151,0.18945069214157198
359,5,Speech_359,Lyndon Baines Johnson,0.28351111822600056,0.04083920784729937
360,2,Speech_360,Lyndon Baines Johnson,0.34019851889628944,-0.10513825133606786
361,3,Speech_361,Lyndon Baines Johnson,-0.03070910734050903,0.47243633964378146
362,2,Speech_362,Lyndon Baines Johnson,-0.0053797839431402195,-0.6254672766906946
363,2,Speech_363,Lyndon Baines Johnson,0.4370244254646132,-0.32679436141364726
364,2,Speech_364,Lyndon Baines Johnson,0.3136533845205845,-0.13995219900293202
365,1,Speech_365,Lyndon Baines Johnson,0.17687983198676532,0.17690884130921583
366,2,Speech_366,Lyndon Baines Johnson,0.2653387466944267,-0.25511482683503595
367,3,Speech_367,Lyndon Baines Johnson,-0.011985336136260518,0.2569908711473548
368,3,Speech_368,Lyndon Baines Johnson,0.059886400930319064,0.24430037141343056
369,2,Speech_369,Lyndon Baines Johnson,-0.020136071470481392,-0.28327711206039574
370,6,Speech_370,Lyndon Baines Johnson,-0.44441722962037405,-0.013687621183128575
371,6,Speech_371,Lyndon Baines Johnson,0.1401153172397197,-0.3210084415167322
372,3,Speech_372,Lyndon Baines Johnson,0.23563018075147682,0.4404083671081492
373,2,Speech_373,Lyndon Baines Johnson,-0.1588949041752673,0.5351630722248902
374,7,Speech_374,Lyndon Baines Johnson,-0.030709107340509783,0.47243633964378795
375,5,Speech_375,Ronald Wilson Reagan,-0.007206099100768651,0.11583605002627867
376,5,Speech_376,Lyndon Baines Johnson,0.1768798319867708,0.17690884130922108
377,3,Speech_377,Lyndon Baines Johnson,-0.381182193784765,0.20795491544658945
378,2,Speech_378,Lyndon Baines Johnson,0.31520762818896253,-0.4892833174858629
379,2,Speech_379,Lyndon Baines Johnson,-0.2864673745994684,0.0877728528344468
380,3,Speech_380,Lyndon Baines Johnson,0.16045931640606012,0.027194240071244623
381,2,Speech_381,Lyndon Baines Johnson,-0.08026904047268002,-0.2859917096115276
382,3,Speech_382,Lyndon Baines Johnson,-0.19585934258894877,0.41350892681908963
383,6,Speech_383,Lyndon Baines Johnson,-0.03070910734050879,0.4724363396437783
384,2,Speech_384,Lyndon Baines Johnson,0.2873761817805131,-0.16597455274687498
385,1,Speech_385,Lyndon Baines Johnson,-0.07693370522267298,0.6033077382291407
386,1,Speech_386,Lyndon Baines Johnson,-0.15503550571752564,0.27288983808162187
387,6,Speech_387,Lyndon Baines Johnson,0.2690954499660614,0.3023317280856654
388,2,Speech_388,Lyndon Baines Johnson,-0.2122935138023992,-0.10691254144019235
389,3,Speech_389,Lyndon Baines Johnson,0.24153170289488574,-0.008423128936666153
390,3,Speech_390,Lyndon Baines Johnson,-0.3811821937847811,0.2079549154465977
391,1,Speech_391,Lyndon Baines Johnson,-0.20775491666442802,0.26538986741682735
392,6,Speech_392,Lyndon Baines Johnson,-0.12400963449631203,0.24554465904998177
393,3,Speech_393,Lyndon Baines Johnson,0.4370505718637755,0.10418780515685418
394,2,Speech_394,Lyndon Baines Johnson,0.24153170289487455,-0.008423128936665601
395,6,Speech_395,Lyndon Baines Johnson,0.1334579743894127,0.10737822009785378
396,6,Speech_396,Lyndon Baines Johnson,-0.3230963854362597,0.217257447069492
397,6,Speech_397,Lyndon Baines Johnson,0.006957415187952725,0.2831367873963574
398,1,Speech_398,Lyndon Baines Johnson,-0.15503550571752753,0.272889838081625
399,6,Speech_399,Lyndon Baines Johnson,-0.030709107340509318,0.4724363396437755
400,2,Speech_400,Lyndon Baines Johnson,0.26533874669443464,-0.2551148268350435
401,6,Speech_401,Lyndon Baines Johnson,-0.03070910734051075,0.47243633964379145
402,2,Speech_402,Lyndon Baines Johnson,-0.040771290273091364,-0.424976893481012
403,2,Speech_403,Lyndon Baines Johnson,0.33049061217662723,-0.23063693788442768
404,3,Speech_404,Lyndon Baines Johnson,0.13292391619486618,0.05037030568698736
405,6,Speech_405,Lyndon Baines Johnson,-0.030709107340508343,0.4724363396437653
406,2,Speech_406,Lyndon Baines Johnson,0.43702442546460457,-0.32679436141363777
407,5,Speech_407,Lyndon Baines Johnson,0.29097620944071223,-0.10090664799595281
408,2,Speech_408,Lyndon Baines Johnson,0.11690866883161015,-0.4956320519793302
409,2,Speech_409,Lyndon Baines Johnson,0.49069366127318675,-0.29274467783844804
410,6,Speech_410,Lyndon Baines Johnson,-0.15503550571752303,0.2728898380816177
411,2,Speech_411,Lyndon Baines Johnson,0.037560227271993644,-0.5280228727528266
412,3,Speech_412,Lyndon Baines Johnson,0.26028897060379647,0.3441939743811099
413,2,Speech_413,Lyndon Baines Johnson,0.6073288528567573,-0.17517407026311277
414,6,Speech_414,Lyndon Baines Johnson,-0.030709107340508544,0.472436339643777
415,2,Speech_415,Lyndon Baines Johnson,0.3816431815289693,0.2901972652744823
416,2,Speech_416,Lyndon Baines Johnson,0.20527309331572247,0.4893874168886776
417,5,Speech_417,Lyndon Baines Johnson,0.05529593406385272,-0.01897691648466288
418,6,Speech_418,Lyndon Baines Johnson,-0.017966083996676898,0.19139397011796125
419,3,Speech_419,Lyndon Baines Johnson,-0.38118219378478074,0.20795491544659864
420,6,Speech_420,Lyndon Baines Johnson,-0.8459763357627336,0.39287386863322693
421,3,Speech_421,Lyndon Baines Johnson,0.45840531353956326,0.06282267414882668
422,7,Speech_422,Lyndon Baines Johnson,-0.2283067329832882,0.15132174578587224
423,6,Speech_423,Lyndon Baines Johnson,-0.1871620097757289,0.03940840594545172
424,5,Speech_424,Lyndon Baines Johnson,0.1009483815665023,-0.055719755037439804
425,3,Speech_425,Richard Milhous Nixon,0.01500618693255969,0.5211803449879479
426,6,Speech_426,Richard Milhous Nixon,-0.03070910734050765,0.47243633964375953
427,5,Speech_427,Richard Milhous Nixon,0.17687983198676377,0.1769088413092143
428,6,Speech_428,Richard Milhous Nixon,-0.07680399329100854,0.6033283233461998
429,5,Speech_429,Richard Milhous Nixon,0.1873142012390058,0.1443097248706139
430,6,Speech_430,Richard Milhous Nixon,0.294411722739274,0.4752318940018119
431,6,Speech_431,Richard Milhous Nixon,-0.03070910734051018,0.4724363396437829
432,7,Speech_432,Richard Milhous Nixon,0.0036021650836114555,0.6906844009681058
433,5,Speech_433,Richard Milhous Nixon,0.1886468261377576,0.058681798100886085
434,6,Speech_434,Richard Milhous Nixon,-0.07678648875188322,0.6033310997346666
435,6,Speech_435,Richard Milhous Nixon,-0.07846612326799328,0.6030630273593603
436,6,Speech_436,Richard Milhous Nixon,-0.04972480082406565,0.30776592839703154
437,3,Speech_437,Richard Milhous Nixon,0.015006186932540314,0.5211803449879184
438,3,Speech_438,Richard Milhous Nixon,0.03697938797168384,0.283901612130766
439,6,Speech_439,Richard Milhous Nixon,0.015006186932451607,0.5211803449879615
440,3,Speech_440,Richard Milhous Nixon,-0.17495461536721352,0.24541581545493843
441,3,Speech_441,Richard Milhous Nixon,-0.3571984589215768,0.23241148410201004
442,5,Speech_442,Richard Milhous Nixon,0.541969443576129,0.06353359857861889
443,2,Speech_443,Richard Milhous Nixon,0.6933298320509378,-0.2890793876711833
444,2,Speech_444,Richard Milhous Nixon,-0.2981133851737463,-0.06982510153106476
445,3,Speech_445,Richard Milhous Nixon,0.03697938797168511,0.2839016121307656
446,3,Speech_446,Gerald Rudolph Ford,-0.38118219378477225,0.2079549154465943
447,3,Speech_447,Richard Milhous Nixon,-0.18909210795150858,0.5939893001524144
448,4,Speech_448,Gerald Rudolph Ford,-0.2864673745991067,0.08777285283424144
449,1,Speech_449,Gerald Rudolph Ford,-0.2122935223612436,-0.10691253518656237
450,1,Speech_450,Gerald Rudolph Ford,0.3560649970060251,0.283111955785595
451,5,Speech_451,Gerald Rudolph Ford,0.4312519607987414,-0.0062182963992964135
452,5,Speech_452,Gerald Rudolph Ford,0.5673649264234815,0.1096411765013451
453,6,Speech_453,Gerald Rudolph Ford,0.010354453082724204,-0.24024695883495062
454,3,Speech_454,Gerald Rudolph Ford,0.006957415187952914,0.28313678739635023
455,5,Speech_455,Gerald Rudolph Ford,0.6933298160687026,-0.28907942396374625
456,1,Speech_456,Gerald Rudolph Ford,-0.20775491666443002,0.26538986741682974
457,1,Speech_457,Gerald Rudolph Ford,0.015006186932499,0.5211803449879452
458,5,Speech_458,Gerald Rudolph Ford,0.18864682613776362,0.058681798100887764
459,5,Speech_459,Gerald Rudolph Ford,0.176879831986763,0.17690884130921358
460,3,Speech_460,Ronald Wilson Reagan,0.015006186932545245,0.5211803449879328
461,2,Speech_461,Jimmy Carter,0.6867986184930269,0.011483211205219305
462,2,Speech_462,Jimmy Carter,0.5008642534872099,-0.020593118644956127
463,2,Speech_463,Jimmy Carter,0.29961545616789614,0.01657995107857252
464,5,Speech_464,Gerald Rudolph Ford,0.18731420123901452,0.14430972487062022
465,3,Speech_465,Jimmy Carter,-0.20775491666442475,0.26538986741682363
466,5,Speech_466,Jimmy Carter,0.3595634063846166,0.2289286505616183
467,2,Speech_467,Jimmy Carter,0.31886077386137107,-0.3164307492875222
468,5,Speech_468,Jimmy Carter,0.33661336594919444,-0.012100642144530658
469,1,Speech_469,Jimmy Carter,-0.17495461536721166,0.2454158154549367
470,1,Speech_470,Jimmy Carter,-0.22830673156662323,0.15132174409279245
471,5,Speech_471,Jimmy Carter,0.5673649264235219,0.10964117650101265
472,5,Speech_472,Jimmy Carter,0.17687983198677076,0.17690884130922113
473,1,Speech_473,Jimmy Carter,-0.2283067315218336,0.15132174403925816
474,5,Speech_474,Jimmy Carter,0.6867986184898938,0.011483210885261611
475,1,Speech_475,Jimmy Carter,0.378624003960673,-0.21457154420930824
476,5,Speech_476,Jimmy Carter,0.32723853003057585,-0.016040468355825878
477,5,Speech_477,Jimmy Carter,0.2690954499660554,0.30233172808565767
478,5,Speech_478,Ronald Wilson Reagan,0.18731420123900083,0.1443097248706101
479,7,Speech_479,Jimmy Carter,0.23907142000222675,-0.3745745377139045
480,7,Speech_480,Jimmy Carter,0.5673649264235324,0.10964117650129232
481,1,Speech_481,Jimmy Carter,-0.4444172296203831,-0.013687621183128782
482,5,Speech_482,Ronald Wilson Reagan,0.1213274658113659,0.20355889530136018
483,5,Speech_483,Jimmy Carter,0.35606499700602307,0.28311195578559134
484,2,Speech_484,Jimmy Carter,0.35606499700603295,0.2831119557856015
485,3,Speech_485,Jimmy Carter,-0.1749546153672255,0.2454158154549463
486,3,Speech_486,Ronald Wilson Reagan,0.012721740670495873,0.1623695819759185
487,2,Speech_487,Ronald Wilson Reagan,0.5035168706084552,-0.0583214792031442
488,5,Speech_488,Ronald Wilson Reagan,0.47706395738333435,0.2523865596011963
489,3,Speech_489,Ronald Wilson Reagan,0.4394029814262533,-0.08913917849196826
490,5,Speech_490,Ronald Wilson Reagan,0.43806140137086375,0.04353236133924777
491,5,Speech_491,Ronald Wilson Reagan,0.47706395738334084,0.25238655960119805
492,2,Speech_492,Ronald Wilson Reagan,0.6332648581380965,-0.1921556769401719
493,7,Speech_493,Ronald Wilson Reagan,0.23563018075147604,0.44040836710814724
494,3,Speech_494,Ronald Wilson Reagan,0.12132746581136501,0.20355889530135832
495,5,Speech_495,Ronald Wilson Reagan,0.1768798319867614,0.1769088413092118
496,7,Speech_496,Ronald Wilson Reagan,0.015660111630660844,0.1592472019121825
497,7,Speech_497,Ronald Wilson Reagan,-0.1550355057175183,0.27288983808160766
498,7,Speech_498,Ronald Wilson Reagan,-0.2283067317294357,0.15132174428736994
499,5,Speech_499,Ronald Wilson Reagan,0.47706395738334906,0.2523865596012088
500,1,Speech_500,Ronald Wilson Reagan,-0.16885979334540743,0.0015256427866687926
501,1,Speech_501,Ronald Wilson Reagan,0.006957415187952391,0.28313678739634124
502,5,Speech_502,Ronald Wilson Reagan,0.3595634063846209,0.2289286505616196
503,5,Speech_503,Ronald Wilson Reagan,0.18003228750599023,0.044557834071158646
504,3,Speech_504,Ronald Wilson Reagan,0.09860145084623345,0.11414529834441701
505,7,Speech_505,Ronald Wilson Reagan,0.47401675176392866,0.15653215656262742
506,1,Speech_506,Ronald Wilson Reagan,0.2690954499660613,0.30233172808566416
507,7,Speech_507,Ronald Wilson Reagan,-0.1563968173486198,0.18637327847437124
508,1,Speech_508,Ronald Wilson Reagan,-0.15639681734855193,0.1863732784743849
509,3,Speech_509,Ronald Wilson Reagan,0.444612627522301,-0.09203593260915491
510,3,Speech_510,Ronald Wilson Reagan,-0.15889490417520413,0.5351630722248989
511,5,Speech_511,Ronald Wilson Reagan,0.18656228724664475,0.07129737830428458
512,3,Speech_512,Ronald Wilson Reagan,0.47706395738333696,0.2523865596012111
513,6,Speech_513,Ronald Wilson Reagan,-0.1588949038661574,0.5351630723165142
514,3,Speech_514,Ronald Wilson Reagan,-0.46850840974518293,0.03329636158333145
515,3,Speech_515,Ronald Wilson Reagan,-0.0307091073405078,0.4724363396437705
516,5,Speech_516,Ronald Wilson Reagan,0.35606499700603084,0.28311195578559833
517,2,Speech_517,Ronald Wilson Reagan,0.4726596554298103,0.18960633164676635
518,2,Speech_518,Ronald Wilson Reagan,-0.2583121371719006,0.45094002163622976
519,3,Speech_519,Ronald Wilson Reagan,0.1768798319867633,0.17690884130921378
520,5,Speech_520,Ronald Wilson Reagan,0.35606499700602445,0.28311195578559467
521,3,Speech_521,Ronald Wilson Reagan,-0.15889490417687743,0.535163072224421
522,7,Speech_522,Ronald Wilson Reagan,0.2356301807514744,0.44040836710814474
523,3,Speech_523,Ronald Wilson Reagan,-0.15889490390227698,0.5351630723057977
524,5,Speech_524,Ronald Wilson Reagan,0.3560649970060309,0.28311195578559833
525,1,Speech_525,Ronald Wilson Reagan,-0.4444172296203775,-0.013687621183153628
526,3,Speech_526,Ronald Wilson Reagan,0.1668990715708776,0.38540760729309714
527,7,Speech_527,Ronald Wilson Reagan,0.015006186932558395,0.5211803449879457
528,5,Speech_528,Ronald Wilson Reagan,0.4770639573833414,0.25238655960119905
529,5,Speech_529,Ronald Wilson Reagan,0.17687983198677015,0.17690884130922088
530,2,Speech_530,Ronald Wilson Reagan,0.3112412559364325,0.18945069214190602
531,7,Speech_531,Ronald Wilson Reagan,0.2356301807514781,0.44040836710815184
532,7,Speech_532,Ronald Wilson Reagan,0.015006186932515845,0.5211803449879332
533,7,Speech_533,Ronald Wilson Reagan,0.01500618693244965,0.5211803449879634
534,5,Speech_534,Ronald Wilson Reagan,0.07972186146036025,0.0034522384039796894
535,3,Speech_535,Ronald Wilson Reagan,0.03697938797168479,0.28390161213077375
536,5,Speech_536,Ronald Wilson Reagan,0.35606499700602434,0.28311195578559456
537,5,Speech_537,George H. W. Bush,0.356064997006027,0.28311195578559656
538,2,Speech_538,George H. W. Bush,0.6867986184905365,0.011483210951802459
539,7,Speech_539,Ronald Wilson Reagan,0.036979387971684825,0.283901612130765
540,3,Speech_540,Ronald Wilson Reagan,-0.1588949039300725,0.5351630722975755
541,7,Speech_541,Ronald Wilson Reagan,-0.2190104021181378,-0.003815411152933749
542,3,Speech_542,Ronald Wilson Reagan,0.2690954499660611,0.3023317280856636
543,3,Speech_543,George H. W. Bush,0.036070494439282334,0.2432929013136234
544,5,Speech_544,George H. W. Bush,0.27597833314606623,0.2582914486117828
545,7,Speech_545,George H. W. Bush,0.23563018075147435,0.4404083671081443
546,1,Speech_546,George H. W. Bush,0.09903583371920781,0.2497026656693288
547,5,Speech_547,George H. W. Bush,0.15402540165050058,0.4246004482553872
548,3,Speech_548,George H. W. Bush,0.25600547117337785,0.3962847664277061
549,1,Speech_549,George H. W. Bush,-0.030709107340508943,0.4724363396437745
550,5,Speech_550,George H. W. Bush,0.2690954499660526,0.3023317280856545
551,1,Speech_551,George H. W. Bush,0.015006186932540999,0.5211803449879393
552,5,Speech_552,George H. W. Bush,0.35606499700601674,0.28311195578558723
553,1,Speech_553,George H. W. Bush,-0.030709107340502584,0.47243633964371584
554,5,Speech_554,George H. W. Bush,0.275978333146089,0.25829144861180414
555,1,Speech_555,George H. W. Bush,-0.15639681734826455,0.18637327847444013
556,3,Speech_556,George H. W. Bush,0.1540254016505018,0.424600448255387
557,7,Speech_557,George H. W. Bush,0.11690866883538759,-0.49563205197792964
558,5,Speech_558,George H. W. Bush,0.2690954499660652,0.30233172808566844
559,5,Speech_559,George H. W. Bush,0.3816431818584828,0.2901972646694915
560,2,Speech_560,George H. W. Bush,0.47706395738336044,0.2523865596012093
561,1,Speech_561,George H. W. Bush,0.2944122217606802,0.4752314087079843
562,7,Speech_562,George H. W. Bush,0.23563018075147707,0.4404083671081499
563,1,Speech_563,George H. W. Bush,0.025644382080330298,0.24955810262893247
564,3,Speech_564,Bill Clinton,-0.049726464066444834,0.3077663588704526
565,2,Speech_565,Bill Clinton,0.4073341581664464,-0.3867002760226565
566,5,Speech_566,Bill Clinton,0.4770639573833194,0.25238655960118583
567,5,Speech_567,Bill Clinton,0.6463726059888202,-0.026355191118055593
568,5,Speech_568,Bill Clinton,0.4726596554298072,0.1896063316467682
569,3,Speech_569,Bill Clinton,-0.03070910734050439,0.47243633964373444
570,3,Speech_570,Bill Clinton,-0.18909292926898097,0.5939889824679522
571,3,Speech_571,Bill Clinton,-0.22830674588116676,0.15132176120055563
572,5,Speech_572,Bill Clinton,0.6463726059888443,-0.026355191117430257
573,1,Speech_573,Bill Clinton,0.15402540165050438,0.42460044825539567
574,5,Speech_574,Bill Clinton,0.47706395738332297,0.25238655960118955
575,5,Speech_575,Bill Clinton,0.31124125593671786,0.18945069214140386
576,5,Speech_576,Bill Clinton,0.23563018075148628,0.4404083671081676
577,3,Speech_577,Bill Clinton,0.25861923404501896,0.18138410194371485
578,3,Speech_578,Bill Clinton,0.015006186932451883,0.5211803449879797
579,5,Speech_579,Bill Clinton,0.4584053135395565,0.0628226741488263
580,3,Speech_580,Bill Clinton,0.3542309507506154,0.4787304562279995
581,5,Speech_581,Bill Clinton,0.4370505718637852,0.1041878051567874
582,3,Speech_582,Bill Clinton,0.4005570302712317,0.4036255505791114
583,1,Speech_583,Bill Clinton,0.15402540165050188,0.4246004482553898
584,3,Speech_584,Bill Clinton,0.15402540165049752,0.4246004482553774
585,5,Speech_585,Bill Clinton,0.7327607884669195,0.22844148057480085
586,3,Speech_586,Bill Clinton,0.4005570308384654,0.40362554994672145
587,5,Speech_587,Bill Clinton,0.35423095108811276,0.478730455932331
588,2,Speech_588,Bill Clinton,0.6867986184901778,0.011483210916031564
589,3,Speech_589,Bill Clinton,0.3542309510666689,0.4787304559511305
590,3,Speech_590,Bill Clinton,-0.04973174036882834,0.3077677245774729
591,5,Speech_591,Bill Clinton,0.4981261753315298,0.40140373791616935
592,3,Speech_592,Bill Clinton,0.20527309331570895,0.4893874168886627
593,5,Speech_593,Bill Clinton,0.7327621891368581,0.22843638178390696
594,5,Speech_594,Bill Clinton,0.5433994026291893,0.4023734769472229
595,3,Speech_595,Bill Clinton,0.23563018075147232,0.44040836710814074
596,3,Speech_596,Bill Clinton,0.17830743951133438,0.3218850858687348
597,3,Speech_597,Bill Clinton,-0.2536163716071905,0.555045041802508
598,5,Speech_598,Bill Clinton,0.5673649264235713,0.1096411765004617
599,1,Speech_599,Bill Clinton,-0.030709107340506775,0.4724363396437556
600,3,Speech_600,Bill Clinton,0.1540254016504976,0.42460044825537757
601,5,Speech_601,Bill Clinton,0.7327422239863212,0.22850904677482778
602,3,Speech_602,Bill Clinton,0.35423095050372655,0.4787304564442974
603,3,Speech_603,George W. Bush,-0.049731826982353455,0.30776774699781917
604,5,Speech_604,George W. Bush,0.47706395738333196,0.2523865596011969
605,5,Speech_605,George W. Bush,0.15402540165050246,0.424600448255391
606,5,Speech_606,George W. Bush,0.2944115946150212,0.47523201860129594
607,5,Speech_607,George W. Bush,0.031705539942166794,0.18011300315319786
608,3,Speech_608,George W. Bush,-0.38118219378477985,0.20795491544659925
609,5,Speech_609,George W. Bush,0.05157948902653335,0.15076283560289666
610,5,Speech_610,George W. Bush,0.051579489026536154,0.1507628356029059
611,5,Speech_611,George W. Bush,0.04391932981630123,0.043576026207564775
612,5,Speech_612,George W. Bush,0.26909544996605717,0.3023317280856595
613,1,Speech_613,George W. Bush,0.20527309331572505,0.4893874168886744
614,5,Speech_614,Barack Obama,0.20527309331584018,0.48938741688862075
615,3,Speech_615,Barack Obama,0.20527309331571728,0.48938741688867116
616,3,Speech_616,George W. Bush,-0.043927540956935025,0.29979205899314654
617,3,Speech_617,Barack Obama,0.03697938797168603,0.28390161213077303
618,5,Speech_618,Barack Obama,0.3836631547741184,0.21861458981963622
619,3,Speech_619,Barack Obama,0.05988640093031585,0.24430037141341943
620,5,Speech_620,Barack Obama,0.6463726059887863,-0.02635519111814422
621,5,Speech_621,Barack Obama,0.5664943500615168,0.022806762466848488
622,5,Speech_622,Barack Obama,0.4455903568035771,0.18510294236834682
623,3,Speech_623,Barack Obama,0.3542309509503126,0.47873045605303216
624,3,Speech_624,Barack Obama,-0.04973071650733407,0.30776745954947166
625,5,Speech_625,Barack Obama,0.2690954499660527,0.30233172808565434
626,2,Speech_626,Barack Obama,0.4370505718637838,0.10418780515678862
627,3,Speech_627,Barack Obama,-0.25361646303408264,0.5550449920100778
628,1,Speech_628,Donald Trump,0.2690954499660533,0.3023317280856553
629,5,Speech_629,Barack Obama,0.4370505718633133,0.10418780515862938
630,5,Speech_630,Donald Trump,0.26028910189969817,0.34419392568467744
631,5,Speech_631,Donald Trump,0.2602890491984963,0.34419394523107477
632,3,Speech_632,Barack Obama,-0.15889490417610722,0.5351630722246783
633,3,Speech_633,Donald Trump,0.3542309509610388,0.47873045604363457
634,3,Speech_634,Donald Trump,0.06413377247795357,-0.1367079818585405
635,3,Speech_635,Barack Obama,0.05988640093031764,0.2443003714134259
636,5,Speech_636,Donald Trump,0.19552915589990974,0.2696715346640439
637,3,Speech_637,Donald Trump,0.35423095071920024,0.47873045625553207
638,1,Speech_638,Donald Trump,0.006957415187952642,0.28313678739635
